{"level":"info","message":"MongoDB connected: localhost","service":"smart-gym-api","timestamp":"2026-03-18T03:24:53.864Z"}
{"level":"info","message":"🚀  Smart Gym API running on port 5000 [development]","service":"smart-gym-api","timestamp":"2026-03-18T03:24:53.875Z"}
{"level":"info","message":"MongoDB connected: localhost","service":"smart-gym-api","timestamp":"2026-03-18T03:33:42.401Z"}
{"level":"info","message":"🚀  Smart Gym API running on port 5000 [development]","service":"smart-gym-api","timestamp":"2026-03-18T03:33:42.411Z"}
{"level":"warn","message":"SIGINT received — shutting down gracefully…","service":"smart-gym-api","timestamp":"2026-03-18T03:35:53.416Z"}
{"level":"info","message":"MongoDB connected: localhost","service":"smart-gym-api","timestamp":"2026-03-18T03:36:01.887Z"}
{"level":"info","message":"🚀  Smart Gym API running on port 5000 [development]","service":"smart-gym-api","timestamp":"2026-03-18T03:36:01.893Z"}
{"level":"warn","message":"[POST] /api/auth/register → 404: Cannot POST /api/auth/register","service":"smart-gym-api","timestamp":"2026-03-18T03:43:34.868Z","userId":"anon"}
{"level":"http","message":"\u001b[0mPOST /api/auth/register \u001b[33m404\u001b[0m 29.660 ms - 1032\u001b[0m","service":"smart-gym-api","timestamp":"2026-03-18T03:43:34.910Z"}
{"level":"info","message":"New user registered: mostafa@test.com (user)","service":"smart-gym-api","timestamp":"2026-03-18T03:44:56.792Z"}
{"level":"http","message":"\u001b[0mPOST /api/v1/auth/register \u001b[32m201\u001b[0m 694.079 ms - 387\u001b[0m","service":"smart-gym-api","timestamp":"2026-03-18T03:44:56.796Z"}
{"level":"warn","message":"[POST] /api/v1/auth/login → 400: \"email\" is required, \"password\" is required","service":"smart-gym-api","timestamp":"2026-03-18T03:47:58.712Z","userId":"anon"}
{"level":"http","message":"\u001b[0mPOST /api/v1/auth/login \u001b[33m400\u001b[0m 8.445 ms - 1123\u001b[0m","service":"smart-gym-api","timestamp":"2026-03-18T03:47:58.716Z"}
{"level":"info","message":"User logged in: mostafa@test.com","service":"smart-gym-api","timestamp":"2026-03-18T03:49:10.587Z"}
{"level":"http","message":"\u001b[0mPOST /api/v1/auth/login \u001b[32m200\u001b[0m 509.849 ms - 380\u001b[0m","service":"smart-gym-api","timestamp":"2026-03-18T03:49:10.591Z"}
{"level":"warn","message":"SIGINT received — shutting down gracefully…","service":"smart-gym-api","timestamp":"2026-03-18T04:09:35.293Z"}
{"level":"info","message":"MongoDB connected: localhost","service":"smart-gym-api","timestamp":"2026-03-18T04:09:42.189Z"}
{"level":"info","message":"🚀  Smart Gym API running on port 5000 [development]","service":"smart-gym-api","timestamp":"2026-03-18T04:09:42.198Z"}
{"level":"warn","message":"SIGINT received — shutting down gracefully…","service":"smart-gym-api","timestamp":"2026-03-18T04:17:19.372Z"}
{"level":"warn","message":"SIGINT received — shutting down gracefully…","service":"smart-gym-api","timestamp":"2026-03-18T04:17:19.389Z"}
{"level":"info","message":"MongoDB connected: localhost","service":"smart-gym-api","timestamp":"2026-03-18T04:17:26.104Z"}
{"level":"info","message":"🚀  Smart Gym API running on port 5000 [development]","service":"smart-gym-api","timestamp":"2026-03-18T04:17:26.116Z"}
{"level":"warn","message":"SIGINT received — shutting down gracefully…","service":"smart-gym-api","timestamp":"2026-03-18T04:19:21.342Z"}
{"level":"warn","message":"SIGINT received — shutting down gracefully…","service":"smart-gym-api","timestamp":"2026-03-18T04:19:21.344Z"}
{"level":"info","message":"MongoDB connected: localhost","service":"smart-gym-api","timestamp":"2026-03-18T04:19:29.340Z"}
{"level":"info","message":"🚀  Smart Gym API running on port 5000 [development]","service":"smart-gym-api","timestamp":"2026-03-18T04:19:29.351Z"}
{"level":"warn","message":"SIGINT received — shutting down gracefully…","service":"smart-gym-api","timestamp":"2026-03-18T04:20:21.888Z"}
{"level":"warn","message":"SIGINT received — shutting down gracefully…","service":"smart-gym-api","timestamp":"2026-03-18T04:20:21.889Z"}
{"level":"info","message":"MongoDB connected: localhost","service":"smart-gym-api","timestamp":"2026-03-18T04:20:28.037Z"}
{"level":"info","message":"🚀  Smart Gym API running on port 5000 [development]","service":"smart-gym-api","timestamp":"2026-03-18T04:20:28.043Z"}
{"level":"warn","message":"SIGINT received — shutting down gracefully…","service":"smart-gym-api","timestamp":"2026-03-18T04:20:58.755Z"}
{"level":"warn","message":"SIGINT received — shutting down gracefully…","service":"smart-gym-api","timestamp":"2026-03-18T04:20:58.754Z"}
{"level":"info","message":"MongoDB connected: localhost","service":"smart-gym-api","timestamp":"2026-03-18T04:21:03.293Z"}
{"level":"info","message":"🚀  Smart Gym API running on port 5000 [development]","service":"smart-gym-api","timestamp":"2026-03-18T04:21:03.301Z"}
{"level":"info","message":"MongoDB connected: localhost","service":"smart-gym-api","timestamp":"2026-03-18T13:41:56.494Z"}
{"level":"info","message":"🚀  Smart Gym API running on port 5000 [development]","service":"smart-gym-api","timestamp":"2026-03-18T13:41:56.507Z"}
{"level":"warn","message":"SIGINT received — shutting down gracefully…","service":"smart-gym-api","timestamp":"2026-03-18T13:43:49.403Z"}
{"level":"info","message":"MongoDB connected: localhost","service":"smart-gym-api","timestamp":"2026-03-18T13:43:55.887Z"}
{"level":"info","message":"🚀  Smart Gym API running on port 5000 [development]","service":"smart-gym-api","timestamp":"2026-03-18T13:43:55.896Z"}
{"level":"info","message":"MongoDB connected: localhost","service":"smart-gym-api","timestamp":"2026-04-06T19:57:33.400Z"}
{"level":"info","message":"🚀  Smart Gym API running on port 5000 [development]","service":"smart-gym-api","timestamp":"2026-04-06T19:57:33.404Z"}
{"level":"info","message":"MongoDB connected: localhost","service":"smart-gym-api","timestamp":"2026-04-13T13:51:16.311Z"}
{"level":"info","message":"🚀  Smart Gym API running on port 5000 [development]","service":"smart-gym-api","timestamp":"2026-04-13T13:51:16.317Z"}
{"level":"warn","message":"SIGINT received — shutting down gracefully…","service":"smart-gym-api","timestamp":"2026-04-13T13:58:12.461Z"}
{"level":"info","message":"MongoDB connected: localhost","service":"smart-gym-api","timestamp":"2026-04-13T13:59:07.062Z"}
{"level":"info","message":"🚀  Smart Gym API running on port 5000 [development]","service":"smart-gym-api","timestamp":"2026-04-13T13:59:07.065Z"}
{"level":"http","message":"\u001b[0mGET /health \u001b[32m200\u001b[0m 1.378 ms - 97\u001b[0m","service":"smart-gym-api","timestamp":"2026-04-13T13:59:30.781Z"}
{"level":"info","message":"MongoDB connected: localhost","service":"smart-gym-api","timestamp":"2026-04-13T13:59:49.132Z"}
{"level":"info","message":"MongoDB connected: localhost","service":"smart-gym-api","timestamp":"2026-04-13T14:00:44.219Z"}
{"level":"info","message":"🚀  Smart Gym API running on port 5000 [development]","service":"smart-gym-api","timestamp":"2026-04-13T14:00:44.224Z"}
{"level":"info","message":"MongoDB connected: localhost","service":"smart-gym-api","timestamp":"2026-04-13T14:01:30.972Z"}
{"level":"info","message":"🚀  Smart Gym API running on port 5000 [development]","service":"smart-gym-api","timestamp":"2026-04-13T14:01:30.977Z"}
{"level":"warn","message":"SIGINT received — shutting down gracefully…","service":"smart-gym-api","timestamp":"2026-04-13T14:08:52.905Z"}
{"level":"info","message":"MongoDB connected: localhost","service":"smart-gym-api","timestamp":"2026-04-13T14:09:00.861Z"}
{"level":"info","message":"🚀  Smart Gym API running on port 5000 [development]","service":"smart-gym-api","timestamp":"2026-04-13T14:09:00.865Z"}
{"level":"warn","message":"SIGINT received — shutting down gracefully…","service":"smart-gym-api","timestamp":"2026-04-13T14:33:56.727Z"}
{"level":"info","message":"MongoDB connected: localhost","service":"smart-gym-api","timestamp":"2026-04-13T14:34:07.623Z"}
{"level":"info","message":"🚀  Smart Gym API running on port 5000 [development]","service":"smart-gym-api","timestamp":"2026-04-13T14:34:07.628Z"}
{"level":"warn","message":"SIGINT received — shutting down gracefully…","service":"smart-gym-api","timestamp":"2026-04-13T15:19:46.190Z"}
{"level":"info","message":"MongoDB connected: localhost","service":"smart-gym-api","timestamp":"2026-04-13T15:19:53.170Z"}
{"level":"info","message":"🚀  Smart Gym API running on port 5000 [development]","service":"smart-gym-api","timestamp":"2026-04-13T15:19:53.174Z"}
{"level":"warn","message":"[POST] /api/v1/auth/register → 400 [VALIDATION_ERROR]: Date of birth is required; Gender is required; Full name is required; Please enter a valid Egyptian phone number","service":"smart-gym-api","timestamp":"2026-04-13T15:20:19.230Z","userId":"anon"}
{"level":"http","message":"\u001b[0mPOST /api/v1/auth/register \u001b[33m400\u001b[0m 25.427 ms - 722\u001b[0m","service":"smart-gym-api","timestamp":"2026-04-13T15:20:19.234Z"}
{"level":"info","message":"MongoDB connected: localhost","service":"smart-gym-api","timestamp":"2026-04-13T19:48:22.065Z"}
{"level":"info","message":"🚀  Smart Gym API running on port 5000 [development]","service":"smart-gym-api","timestamp":"2026-04-13T19:48:22.069Z"}
{"level":"warn","message":"[POST] /api/v1/auth/register → 400 [VALIDATION_ERROR]: Date of birth is required; Gender is required; Full name is required; Please enter a valid Egyptian phone number","service":"smart-gym-api","timestamp":"2026-04-13T19:49:01.874Z","userId":"anon"}
{"level":"http","message":"\u001b[0mPOST /api/v1/auth/register \u001b[33m400\u001b[0m 50.747 ms - 722\u001b[0m","service":"smart-gym-api","timestamp":"2026-04-13T19:49:01.880Z"}
{"level":"info","message":"MongoDB connected: localhost","service":"smart-gym-api","timestamp":"2026-04-13T20:02:50.150Z"}
{"level":"info","message":"🚀  Smart Gym API running on port 5000 [development]","service":"smart-gym-api","timestamp":"2026-04-13T20:02:50.155Z"}
{"level":"warn","message":"[POST] /api/v1/auth/register → 400 [VALIDATION_ERROR]: Date of birth is required; Gender is required; Full name is required","service":"smart-gym-api","timestamp":"2026-04-13T20:04:11.904Z","userId":"anon"}
{"level":"http","message":"\u001b[0mPOST /api/v1/auth/register \u001b[33m400\u001b[0m 24.955 ms - 627\u001b[0m","service":"smart-gym-api","timestamp":"2026-04-13T20:04:11.908Z"}
{"level":"warn","message":"SIGINT received — shutting down gracefully…","service":"smart-gym-api","timestamp":"2026-04-13T20:29:41.447Z"}
{"level":"info","message":"MongoDB connected: localhost","service":"smart-gym-api","timestamp":"2026-04-13T20:29:53.471Z"}
{"level":"info","message":"🚀  Smart Gym API running on port 5000 [development]","service":"smart-gym-api","timestamp":"2026-04-13T20:29:53.475Z"}
{"level":"warn","message":"SIGINT received — shutting down gracefully…","service":"smart-gym-api","timestamp":"2026-04-13T21:21:33.713Z"}
{"level":"info","message":"MongoDB connected: localhost","service":"smart-gym-api","timestamp":"2026-04-13T21:21:38.369Z"}
{"level":"info","message":"🚀  Smart Gym API running on port 5000 [development]","service":"smart-gym-api","timestamp":"2026-04-13T21:21:38.373Z"}
{"level":"warn","message":"[POST] /api/v1/auth/register → 400 [VALIDATION_ERROR]: Date of birth is required; Gender is required; Full name is required","service":"smart-gym-api","timestamp":"2026-04-13T21:30:05.886Z","userId":"anon"}
{"level":"http","message":"\u001b[0mPOST /api/v1/auth/register \u001b[33m400\u001b[0m 26.545 ms - 627\u001b[0m","service":"smart-gym-api","timestamp":"2026-04-13T21:30:05.893Z"}
{"level":"info","message":"MongoDB connected: localhost","service":"smart-gym-api","timestamp":"2026-04-17T12:26:38.414Z"}
{"level":"info","message":"🚀  Smart Gym API running on port 5000 [development]","service":"smart-gym-api","timestamp":"2026-04-17T12:26:38.418Z"}
{"level":"warn","message":"[POST] /api/v1/auth/register → 400 [VALIDATION_ERROR]: Date of birth is required; Gender is required; Full name is required","service":"smart-gym-api","timestamp":"2026-04-17T12:28:00.835Z","userId":"anon"}
{"level":"http","message":"\u001b[0mPOST /api/v1/auth/register \u001b[33m400\u001b[0m 85.962 ms - 627\u001b[0m","service":"smart-gym-api","timestamp":"2026-04-17T12:28:00.840Z"}
{"level":"info","message":"MongoDB connected: localhost","service":"smart-gym-api","timestamp":"2026-05-24T23:00:02.509Z"}
{"level":"info","message":"🚀  Smart Gym API running on port 5000 [development]","service":"smart-gym-api","timestamp":"2026-05-24T23:00:02.516Z"}
{"level":"warn","message":"SIGINT received — shutting down gracefully…","service":"smart-gym-api","timestamp":"2026-05-24T23:08:13.790Z"}
{"level":"info","message":"MongoDB connected: localhost","service":"smart-gym-api","timestamp":"2026-05-24T23:08:24.894Z"}
{"level":"info","message":"🚀  Smart Gym API running on port 5000 [development]","service":"smart-gym-api","timestamp":"2026-05-24T23:08:24.899Z"}
{"level":"info","message":"MongoDB connected: localhost","service":"smart-gym-api","timestamp":"2026-05-25T22:54:25.529Z"}
{"level":"info","message":"🚀  Smart Gym API running on port 5000 [development]","service":"smart-gym-api","timestamp":"2026-05-25T22:54:25.551Z"}
{"level":"info","message":"MongoDB connected: localhost","service":"smart-gym-api","timestamp":"2026-05-25T22:56:02.537Z"}
{"level":"info","message":"🚀  Smart Gym API running on port 5000 [development]","service":"smart-gym-api","timestamp":"2026-05-25T22:56:02.553Z"}
{"level":"warn","message":"SIGINT received — shutting down gracefully…","service":"smart-gym-api","timestamp":"2026-05-25T23:10:06.084Z"}
{"level":"info","message":"MongoDB connected: localhost","service":"smart-gym-api","timestamp":"2026-05-25T23:10:17.782Z"}
{"level":"info","message":"🚀  Smart Gym API running on port 5000 [development]","service":"smart-gym-api","timestamp":"2026-05-25T23:10:17.790Z"}
{"level":"info","message":"MongoDB connected: localhost","service":"smart-gym-api","timestamp":"2026-05-26T00:01:35.475Z"}
{"level":"info","message":"🚀  Smart Gym API running on port 5000 [development]","service":"smart-gym-api","timestamp":"2026-05-26T00:01:35.484Z"}
{"level":"info","message":"MongoDB connected: localhost","service":"smart-gym-api","timestamp":"2026-05-26T00:02:04.696Z"}
{"level":"info","message":"MongoDB connected: localhost","service":"smart-gym-api","timestamp":"2026-05-26T00:02:11.989Z"}
{"level":"info","message":"🚀  Smart Gym API running on port 5000 [development]","service":"smart-gym-api","timestamp":"2026-05-26T00:02:11.993Z"}
{"level":"info","message":"MongoDB connected: localhost","service":"smart-gym-api","timestamp":"2026-05-26T00:03:11.988Z"}
{"level":"info","message":"🚀  Smart Gym API running on port 5000 [development]","service":"smart-gym-api","timestamp":"2026-05-26T00:03:11.993Z"}
{"level":"warn","message":"SIGINT received — shutting down gracefully…","service":"smart-gym-api","timestamp":"2026-05-26T00:12:29.533Z"}
{"level":"info","message":"MongoDB connected: localhost","service":"smart-gym-api","timestamp":"2026-05-26T00:12:35.587Z"}
{"level":"info","message":"🚀  Smart Gym API running on port 5000 [development]","service":"smart-gym-api","timestamp":"2026-05-26T00:12:35.591Z"}
{"errorCode":"INTERNAL_ERROR","level":"error","message":"generateToken is not a function","service":"smart-gym-api","stack":"TypeError: generateToken is not a function\n    at Object.register (D:\\GYM_Complete\\GYM_v2_Connected\\GYM_NEW\\GYM\\backend\\src\\modules\\auth\\service\\auth.service.js:18:17)\n    at process.processTicksAndRejections (node:internal/process/task_queues:104:5)\n    at async D:\\GYM_Complete\\GYM_v2_Connected\\GYM_NEW\\GYM\\backend\\src\\modules\\auth\\controller\\auth.controller.js:7:18","timestamp":"2026-05-26T00:14:02.113Z","userId":"anon"}
{"level":"http","message":"\u001b[0mPOST /api/v1/auth/register \u001b[31m500\u001b[0m 449.672 ms - 492\u001b[0m","service":"smart-gym-api","timestamp":"2026-05-26T00:14:02.118Z"}
{"level":"info","message":"MongoDB connected: localhost","service":"smart-gym-api","timestamp":"2026-05-26T00:16:08.757Z"}
{"level":"warn","message":"SIGINT received — shutting down gracefully…","service":"smart-gym-api","timestamp":"2026-05-26T00:16:46.641Z"}
{"level":"info","message":"MongoDB connected: localhost","service":"smart-gym-api","timestamp":"2026-05-26T00:17:59.635Z"}
{"level":"info","message":"🚀  Smart Gym API running on port 5000 [development]","service":"smart-gym-api","timestamp":"2026-05-26T00:17:59.640Z"}
{"level":"warn","message":"[POST] /api/v1/auth/register → 409 [INTERNAL_ERROR]: An account with this email already exists.","service":"smart-gym-api","timestamp":"2026-05-26T00:18:56.704Z","userId":"anon"}
{"level":"http","message":"\u001b[0mPOST /api/v1/auth/register \u001b[33m409\u001b[0m 28.698 ms - 513\u001b[0m","service":"smart-gym-api","timestamp":"2026-05-26T00:18:56.709Z"}
{"level":"info","message":"MongoDB connected: localhost","service":"smart-gym-api","timestamp":"2026-05-28T00:52:24.515Z"}
{"level":"info","message":"🚀  Smart Gym API running on port 5000 [development]","service":"smart-gym-api","timestamp":"2026-05-28T00:52:24.520Z"}
{"level":"warn","message":"[POST] /api/v1/auth/register → 409 [INTERNAL_ERROR]: An account with this email already exists.","service":"smart-gym-api","timestamp":"2026-05-28T00:54:33.098Z","userId":"anon"}
{"level":"http","message":"\u001b[0mPOST /api/v1/auth/register \u001b[33m409\u001b[0m 93.297 ms - 513\u001b[0m","service":"smart-gym-api","timestamp":"2026-05-28T00:54:33.109Z"}
{"level":"info","message":"MongoDB connected: localhost","service":"smart-gym-api","timestamp":"2026-05-28T01:04:41.684Z"}
{"level":"info","message":"🚀  Smart Gym API running on port 5000 [development]","service":"smart-gym-api","timestamp":"2026-05-28T01:04:41.691Z"}
{"level":"warn","message":"[POST] /api/v1/auth/register → 409 [INTERNAL_ERROR]: An account with this email already exists.","service":"smart-gym-api","timestamp":"2026-05-28T01:08:28.731Z","userId":"anon"}
{"level":"http","message":"\u001b[0mPOST /api/v1/auth/register \u001b[33m409\u001b[0m 64.901 ms - 513\u001b[0m","service":"smart-gym-api","timestamp":"2026-05-28T01:08:28.738Z"}
{"level":"info","message":"User logged in: moustfamm120@gmail.com","service":"smart-gym-api","timestamp":"2026-05-28T01:08:48.487Z"}
{"level":"http","message":"\u001b[0mPOST /api/v1/auth/login \u001b[32m200\u001b[0m 387.982 ms - 395\u001b[0m","service":"smart-gym-api","timestamp":"2026-05-28T01:08:48.488Z"}
{"errorCode":"INTERNAL_ERROR","level":"error","message":"user.passwordChangedAfter is not a function","service":"smart-gym-api","stack":"TypeError: user.passwordChangedAfter is not a function\n    at D:\\GYM_Complete\\GYM_v2_Connected\\GYM_NEW\\GYM\\backend\\src\\middlewares\\auth.middleware.js:83:12\n    at process.processTicksAndRejections (node:internal/process/task_queues:104:5)","timestamp":"2026-05-28T01:08:48.581Z","userId":"anon"}
{"level":"http","message":"\u001b[0mGET /api/v1/users/me \u001b[31m500\u001b[0m 22.284 ms - 361\u001b[0m","service":"smart-gym-api","timestamp":"2026-05-28T01:08:48.582Z"}
{"errorCode":"INTERNAL_ERROR","level":"error","message":"user.passwordChangedAfter is not a function","service":"smart-gym-api","stack":"TypeError: user.passwordChangedAfter is not a function\n    at D:\\GYM_Complete\\GYM_v2_Connected\\GYM_NEW\\GYM\\backend\\src\\middlewares\\auth.middleware.js:83:12\n    at process.processTicksAndRejections (node:internal/process/task_queues:104:5)","timestamp":"2026-05-28T01:08:48.585Z","userId":"anon"}
{"level":"http","message":"\u001b[0mGET /api/v1/workout-plans \u001b[31m500\u001b[0m 12.397 ms - 361\u001b[0m","service":"smart-gym-api","timestamp":"2026-05-28T01:08:48.586Z"}
{"errorCode":"INTERNAL_ERROR","level":"error","message":"user.passwordChangedAfter is not a function","service":"smart-gym-api","stack":"TypeError: user.passwordChangedAfter is not a function\n    at D:\\GYM_Complete\\GYM_v2_Connected\\GYM_NEW\\GYM\\backend\\src\\middlewares\\auth.middleware.js:83:12\n    at process.processTicksAndRejections (node:internal/process/task_queues:104:5)","timestamp":"2026-05-28T01:08:48.589Z","userId":"anon"}
{"level":"http","message":"\u001b[0mGET /api/v1/users/me/subscription \u001b[31m500\u001b[0m 14.109 ms - 361\u001b[0m","service":"smart-gym-api","timestamp":"2026-05-28T01:08:48.590Z"}
{"errorCode":"INTERNAL_ERROR","level":"error","message":"user.passwordChangedAfter is not a function","service":"smart-gym-api","stack":"TypeError: user.passwordChangedAfter is not a function\n    at D:\\GYM_Complete\\GYM_v2_Connected\\GYM_NEW\\GYM\\backend\\src\\middlewares\\auth.middleware.js:83:12\n    at process.processTicksAndRejections (node:internal/process/task_queues:104:5)","timestamp":"2026-05-28T01:08:48.592Z","userId":"anon"}
{"level":"http","message":"\u001b[0mGET /api/v1/progress/body-measurements \u001b[31m500\u001b[0m 13.658 ms - 361\u001b[0m","service":"smart-gym-api","timestamp":"2026-05-28T01:08:48.592Z"}
{"errorCode":"INTERNAL_ERROR","level":"error","message":"user.passwordChangedAfter is not a function","service":"smart-gym-api","stack":"TypeError: user.passwordChangedAfter is not a function\n    at D:\\GYM_Complete\\GYM_v2_Connected\\GYM_NEW\\GYM\\backend\\src\\middlewares\\auth.middleware.js:83:12\n    at process.processTicksAndRejections (node:internal/process/task_queues:104:5)","timestamp":"2026-05-28T01:08:48.595Z","userId":"anon"}
{"level":"http","message":"\u001b[0mGET /api/v1/attendance/my \u001b[31m500\u001b[0m 18.761 ms - 361\u001b[0m","service":"smart-gym-api","timestamp":"2026-05-28T01:08:48.595Z"}
{"errorCode":"INTERNAL_ERROR","level":"error","message":"user.passwordChangedAfter is not a function","service":"smart-gym-api","stack":"TypeError: user.passwordChangedAfter is not a function\n    at D:\\GYM_Complete\\GYM_v2_Connected\\GYM_NEW\\GYM\\backend\\src\\middlewares\\auth.middleware.js:83:12\n    at process.processTicksAndRejections (node:internal/process/task_queues:104:5)","timestamp":"2026-05-28T01:08:48.597Z","userId":"anon"}
{"level":"http","message":"\u001b[0mGET /api/v1/payments \u001b[31m500\u001b[0m 3.718 ms - 361\u001b[0m","service":"smart-gym-api","timestamp":"2026-05-28T01:08:48.598Z"}
{"level":"http","message":"\u001b[0mGET /api/v1/exercises \u001b[32m200\u001b[0m 45.521 ms - 90\u001b[0m","service":"smart-gym-api","timestamp":"2026-05-28T01:08:48.613Z"}
{"errorCode":"INTERNAL_ERROR","level":"error","message":"user.passwordChangedAfter is not a function","service":"smart-gym-api","stack":"TypeError: user.passwordChangedAfter is not a function\n    at D:\\GYM_Complete\\GYM_v2_Connected\\GYM_NEW\\GYM\\backend\\src\\middlewares\\auth.middleware.js:83:12\n    at process.processTicksAndRejections (node:internal/process/task_queues:104:5)","timestamp":"2026-05-28T01:09:35.790Z","userId":"anon"}
{"level":"http","message":"\u001b[0mPOST /api/v1/progress/body-measurements \u001b[31m500\u001b[0m 3.587 ms - 361\u001b[0m","service":"smart-gym-api","timestamp":"2026-05-28T01:09:35.791Z"}
{"errorCode":"INTERNAL_ERROR","level":"error","message":"user.passwordChangedAfter is not a function","service":"smart-gym-api","stack":"TypeError: user.passwordChangedAfter is not a function\n    at D:\\GYM_Complete\\GYM_v2_Connected\\GYM_NEW\\GYM\\backend\\src\\middlewares\\auth.middleware.js:83:12\n    at process.processTicksAndRejections (node:internal/process/task_queues:104:5)","timestamp":"2026-05-28T01:09:37.331Z","userId":"anon"}
{"level":"http","message":"\u001b[0mPOST /api/v1/progress/body-measurements \u001b[31m500\u001b[0m 2.828 ms - 361\u001b[0m","service":"smart-gym-api","timestamp":"2026-05-28T01:09:37.332Z"}
{"errorCode":"INTERNAL_ERROR","level":"error","message":"user.passwordChangedAfter is not a function","service":"smart-gym-api","stack":"TypeError: user.passwordChangedAfter is not a function\n    at D:\\GYM_Complete\\GYM_v2_Connected\\GYM_NEW\\GYM\\backend\\src\\middlewares\\auth.middleware.js:83:12\n    at process.processTicksAndRejections (node:internal/process/task_queues:104:5)","timestamp":"2026-05-28T01:19:04.174Z","userId":"anon"}
{"level":"http","message":"\u001b[0mGET /api/v1/users/me \u001b[31m500\u001b[0m 74.707 ms - 361\u001b[0m","service":"smart-gym-api","timestamp":"2026-05-28T01:19:04.182Z"}
{"errorCode":"INTERNAL_ERROR","level":"error","message":"user.passwordChangedAfter is not a function","service":"smart-gym-api","stack":"TypeError: user.passwordChangedAfter is not a function\n    at D:\\GYM_Complete\\GYM_v2_Connected\\GYM_NEW\\GYM\\backend\\src\\middlewares\\auth.middleware.js:83:12\n    at process.processTicksAndRejections (node:internal/process/task_queues:104:5)","timestamp":"2026-05-28T01:19:04.184Z","userId":"anon"}
{"level":"http","message":"\u001b[0mGET /api/v1/workout-plans \u001b[31m500\u001b[0m 22.992 ms - 361\u001b[0m","service":"smart-gym-api","timestamp":"2026-05-28T01:19:04.184Z"}
{"errorCode":"INTERNAL_ERROR","level":"error","message":"user.passwordChangedAfter is not a function","service":"smart-gym-api","stack":"TypeError: user.passwordChangedAfter is not a function\n    at D:\\GYM_Complete\\GYM_v2_Connected\\GYM_NEW\\GYM\\backend\\src\\middlewares\\auth.middleware.js:83:12\n    at process.processTicksAndRejections (node:internal/process/task_queues:104:5)","timestamp":"2026-05-28T01:19:04.186Z","userId":"anon"}
{"level":"http","message":"\u001b[0mGET /api/v1/users/me/subscription \u001b[31m500\u001b[0m 23.543 ms - 361\u001b[0m","service":"smart-gym-api","timestamp":"2026-05-28T01:19:04.187Z"}
{"errorCode":"INTERNAL_ERROR","level":"error","message":"user.passwordChangedAfter is not a function","service":"smart-gym-api","stack":"TypeError: user.passwordChangedAfter is not a function\n    at D:\\GYM_Complete\\GYM_v2_Connected\\GYM_NEW\\GYM\\backend\\src\\middlewares\\auth.middleware.js:83:12\n    at process.processTicksAndRejections (node:internal/process/task_queues:104:5)","timestamp":"2026-05-28T01:19:04.189Z","userId":"anon"}
{"level":"http","message":"\u001b[0mGET /api/v1/attendance/my \u001b[31m500\u001b[0m 24.869 ms - 361\u001b[0m","service":"smart-gym-api","timestamp":"2026-05-28T01:19:04.190Z"}
{"errorCode":"INTERNAL_ERROR","level":"error","message":"user.passwordChangedAfter is not a function","service":"smart-gym-api","stack":"TypeError: user.passwordChangedAfter is not a function\n    at D:\\GYM_Complete\\GYM_v2_Connected\\GYM_NEW\\GYM\\backend\\src\\middlewares\\auth.middleware.js:83:12\n    at process.processTicksAndRejections (node:internal/process/task_queues:104:5)","timestamp":"2026-05-28T01:19:04.198Z","userId":"anon"}
{"level":"http","message":"\u001b[0mGET /api/v1/progress/body-measurements \u001b[31m500\u001b[0m 32.810 ms - 361\u001b[0m","service":"smart-gym-api","timestamp":"2026-05-28T01:19:04.199Z"}
{"level":"http","message":"\u001b[0mGET /api/v1/exercises \u001b[36m304\u001b[0m 52.353 ms - -\u001b[0m","service":"smart-gym-api","timestamp":"2026-05-28T01:19:04.207Z"}
{"errorCode":"INTERNAL_ERROR","level":"error","message":"user.passwordChangedAfter is not a function","service":"smart-gym-api","stack":"TypeError: user.passwordChangedAfter is not a function\n    at D:\\GYM_Complete\\GYM_v2_Connected\\GYM_NEW\\GYM\\backend\\src\\middlewares\\auth.middleware.js:83:12\n    at process.processTicksAndRejections (node:internal/process/task_queues:104:5)","timestamp":"2026-05-28T01:19:04.208Z","userId":"anon"}
{"level":"http","message":"\u001b[0mGET /api/v1/payments \u001b[31m500\u001b[0m 9.435 ms - 361\u001b[0m","service":"smart-gym-api","timestamp":"2026-05-28T01:19:04.212Z"}
{"errorCode":"INTERNAL_ERROR","level":"error","message":"user.passwordChangedAfter is not a function","service":"smart-gym-api","stack":"TypeError: user.passwordChangedAfter is not a function\n    at D:\\GYM_Complete\\GYM_v2_Connected\\GYM_NEW\\GYM\\backend\\src\\middlewares\\auth.middleware.js:83:12\n    at process.processTicksAndRejections (node:internal/process/task_queues:104:5)","timestamp":"2026-05-28T01:19:04.999Z","userId":"anon"}
{"level":"http","message":"\u001b[0mGET /api/v1/users/me \u001b[31m500\u001b[0m 7.963 ms - 361\u001b[0m","service":"smart-gym-api","timestamp":"2026-05-28T01:19:04.999Z"}
{"level":"http","message":"\u001b[0mGET /api/v1/exercises \u001b[36m304\u001b[0m 7.643 ms - -\u001b[0m","service":"smart-gym-api","timestamp":"2026-05-28T01:19:05.003Z"}
{"errorCode":"INTERNAL_ERROR","level":"error","message":"user.passwordChangedAfter is not a function","service":"smart-gym-api","stack":"TypeError: user.passwordChangedAfter is not a function\n    at D:\\GYM_Complete\\GYM_v2_Connected\\GYM_NEW\\GYM\\backend\\src\\middlewares\\auth.middleware.js:83:12\n    at process.processTicksAndRejections (node:internal/process/task_queues:104:5)","timestamp":"2026-05-28T01:19:05.008Z","userId":"anon"}
{"level":"http","message":"\u001b[0mGET /api/v1/workout-plans \u001b[31m500\u001b[0m 10.964 ms - 361\u001b[0m","service":"smart-gym-api","timestamp":"2026-05-28T01:19:05.012Z"}
{"errorCode":"INTERNAL_ERROR","level":"error","message":"user.passwordChangedAfter is not a function","service":"smart-gym-api","stack":"TypeError: user.passwordChangedAfter is not a function\n    at D:\\GYM_Complete\\GYM_v2_Connected\\GYM_NEW\\GYM\\backend\\src\\middlewares\\auth.middleware.js:83:12\n    at process.processTicksAndRejections (node:internal/process/task_queues:104:5)","timestamp":"2026-05-28T01:19:05.018Z","userId":"anon"}
{"level":"http","message":"\u001b[0mGET /api/v1/users/me/subscription \u001b[31m500\u001b[0m 13.027 ms - 361\u001b[0m","service":"smart-gym-api","timestamp":"2026-05-28T01:19:05.019Z"}
{"errorCode":"INTERNAL_ERROR","level":"error","message":"user.passwordChangedAfter is not a function","service":"smart-gym-api","stack":"TypeError: user.passwordChangedAfter is not a function\n    at D:\\GYM_Complete\\GYM_v2_Connected\\GYM_NEW\\GYM\\backend\\src\\middlewares\\auth.middleware.js:83:12\n    at process.processTicksAndRejections (node:internal/process/task_queues:104:5)","timestamp":"2026-05-28T01:19:05.021Z","userId":"anon"}
{"level":"http","message":"\u001b[0mGET /api/v1/progress/body-measurements \u001b[31m500\u001b[0m 7.283 ms - 361\u001b[0m","service":"smart-gym-api","timestamp":"2026-05-28T01:19:05.022Z"}
{"errorCode":"INTERNAL_ERROR","level":"error","message":"user.passwordChangedAfter is not a function","service":"smart-gym-api","stack":"TypeError: user.passwordChangedAfter is not a function\n    at D:\\GYM_Complete\\GYM_v2_Connected\\GYM_NEW\\GYM\\backend\\src\\middlewares\\auth.middleware.js:83:12\n    at process.processTicksAndRejections (node:internal/process/task_queues:104:5)","timestamp":"2026-05-28T01:19:05.023Z","userId":"anon"}
{"level":"http","message":"\u001b[0mGET /api/v1/payments \u001b[31m500\u001b[0m 7.883 ms - 361\u001b[0m","service":"smart-gym-api","timestamp":"2026-05-28T01:19:05.024Z"}
{"errorCode":"INTERNAL_ERROR","level":"error","message":"user.passwordChangedAfter is not a function","service":"smart-gym-api","stack":"TypeError: user.passwordChangedAfter is not a function\n    at D:\\GYM_Complete\\GYM_v2_Connected\\GYM_NEW\\GYM\\backend\\src\\middlewares\\auth.middleware.js:83:12\n    at process.processTicksAndRejections (node:internal/process/task_queues:104:5)","timestamp":"2026-05-28T01:19:05.025Z","userId":"anon"}
{"level":"http","message":"\u001b[0mGET /api/v1/attendance/my \u001b[31m500\u001b[0m 17.316 ms - 361\u001b[0m","service":"smart-gym-api","timestamp":"2026-05-28T01:19:05.030Z"}
{"level":"warn","message":"SIGINT received — shutting down gracefully…","service":"smart-gym-api","timestamp":"2026-05-28T01:23:04.703Z"}
{"level":"info","message":"MongoDB connected: localhost","service":"smart-gym-api","timestamp":"2026-05-28T01:23:18.068Z"}
{"level":"info","message":"🚀  Smart Gym API running on port 5000 [development]","service":"smart-gym-api","timestamp":"2026-05-28T01:23:18.072Z"}
{"level":"warn","message":"[GET] /api/v1/users/me → 403 [FORBIDDEN]: Access denied. Requires one of: [admin]","service":"smart-gym-api","timestamp":"2026-05-28T01:23:28.061Z","userId":"6a14e5c9b1f4d69d6548c6a0"}
{"level":"http","message":"\u001b[0mGET /api/v1/users/me \u001b[33m403\u001b[0m 31.438 ms - 1468\u001b[0m","service":"smart-gym-api","timestamp":"2026-05-28T01:23:28.064Z"}
{"level":"warn","message":"[GET] /api/v1/payments → 403 [FORBIDDEN]: Access denied. Requires one of: [admin]","service":"smart-gym-api","timestamp":"2026-05-28T01:23:28.066Z","userId":"6a14e5c9b1f4d69d6548c6a0"}
{"level":"http","message":"\u001b[0mGET /api/v1/payments \u001b[33m403\u001b[0m 26.578 ms - 1408\u001b[0m","service":"smart-gym-api","timestamp":"2026-05-28T01:23:28.068Z"}
{"level":"http","message":"\u001b[0mGET /api/v1/exercises \u001b[36m304\u001b[0m 28.350 ms - -\u001b[0m","service":"smart-gym-api","timestamp":"2026-05-28T01:23:28.072Z"}
{"level":"warn","message":"[GET] /api/v1/users/me/subscription → 404 [INTERNAL_ERROR]: Cannot GET /api/v1/users/me/subscription","service":"smart-gym-api","timestamp":"2026-05-28T01:23:28.079Z","userId":"6a14e5c9b1f4d69d6548c6a0"}
{"level":"http","message":"\u001b[0mGET /api/v1/users/me/subscription \u001b[33m404\u001b[0m 27.200 ms - 1407\u001b[0m","service":"smart-gym-api","timestamp":"2026-05-28T01:23:28.080Z"}
{"level":"http","message":"\u001b[0mGET /api/v1/workout-plans \u001b[32m200\u001b[0m 41.973 ms - 86\u001b[0m","service":"smart-gym-api","timestamp":"2026-05-28T01:23:28.091Z"}
{"level":"http","message":"\u001b[0mGET /api/v1/attendance/my \u001b[32m200\u001b[0m 38.824 ms - 85\u001b[0m","service":"smart-gym-api","timestamp":"2026-05-28T01:23:28.093Z"}
{"level":"warn","message":"[GET] /api/v1/progress/body-measurements → 404 [INTERNAL_ERROR]: Cannot GET /api/v1/progress/body-measurements","service":"smart-gym-api","timestamp":"2026-05-28T01:23:28.097Z","userId":"6a14e5c9b1f4d69d6548c6a0"}
{"level":"http","message":"\u001b[0mGET /api/v1/progress/body-measurements \u001b[33m404\u001b[0m 10.424 ms - 1417\u001b[0m","service":"smart-gym-api","timestamp":"2026-05-28T01:23:28.099Z"}
{"level":"warn","message":"[GET] /api/v1/users/me → 403 [FORBIDDEN]: Access denied. Requires one of: [admin]","service":"smart-gym-api","timestamp":"2026-05-28T01:23:32.233Z","userId":"6a14e5c9b1f4d69d6548c6a0"}
{"level":"http","message":"\u001b[0mGET /api/v1/users/me \u001b[33m403\u001b[0m 9.343 ms - 1468\u001b[0m","service":"smart-gym-api","timestamp":"2026-05-28T01:23:32.234Z"}
{"level":"http","message":"\u001b[0mGET /api/v1/exercises \u001b[36m304\u001b[0m 9.314 ms - -\u001b[0m","service":"smart-gym-api","timestamp":"2026-05-28T01:23:32.236Z"}
{"level":"warn","message":"[GET] /api/v1/users/me/subscription → 404 [INTERNAL_ERROR]: Cannot GET /api/v1/users/me/subscription","service":"smart-gym-api","timestamp":"2026-05-28T01:23:32.240Z","userId":"6a14e5c9b1f4d69d6548c6a0"}
{"level":"http","message":"\u001b[0mGET /api/v1/users/me/subscription \u001b[33m404\u001b[0m 11.574 ms - 1407\u001b[0m","service":"smart-gym-api","timestamp":"2026-05-28T01:23:32.240Z"}
{"level":"warn","message":"[GET] /api/v1/progress/body-measurements → 404 [INTERNAL_ERROR]: Cannot GET /api/v1/progress/body-measurements","service":"smart-gym-api","timestamp":"2026-05-28T01:23:32.245Z","userId":"6a14e5c9b1f4d69d6548c6a0"}
{"level":"http","message":"\u001b[0mGET /api/v1/progress/body-measurements \u001b[33m404\u001b[0m 13.651 ms - 1417\u001b[0m","service":"smart-gym-api","timestamp":"2026-05-28T01:23:32.246Z"}
{"level":"http","message":"\u001b[0mGET /api/v1/workout-plans \u001b[36m304\u001b[0m 20.502 ms - -\u001b[0m","service":"smart-gym-api","timestamp":"2026-05-28T01:23:32.248Z"}
{"level":"http","message":"\u001b[0mGET /api/v1/attendance/my \u001b[36m304\u001b[0m 19.889 ms - -\u001b[0m","service":"smart-gym-api","timestamp":"2026-05-28T01:23:32.250Z"}
{"level":"warn","message":"[GET] /api/v1/payments → 403 [FORBIDDEN]: Access denied. Requires one of: [admin]","service":"smart-gym-api","timestamp":"2026-05-28T01:23:32.251Z","userId":"6a14e5c9b1f4d69d6548c6a0"}
{"level":"http","message":"\u001b[0mGET /api/v1/payments \u001b[33m403\u001b[0m 5.167 ms - 1408\u001b[0m","service":"smart-gym-api","timestamp":"2026-05-28T01:23:32.252Z"}
{"level":"info","message":"User logged in: moustfamm120@gmail.com","service":"smart-gym-api","timestamp":"2026-05-28T01:23:49.433Z"}
{"level":"http","message":"\u001b[0mPOST /api/v1/auth/login \u001b[32m200\u001b[0m 444.156 ms - 395\u001b[0m","service":"smart-gym-api","timestamp":"2026-05-28T01:23:49.434Z"}
{"level":"warn","message":"[GET] /api/v1/users/me → 403 [FORBIDDEN]: Access denied. Requires one of: [admin]","service":"smart-gym-api","timestamp":"2026-05-28T01:23:49.482Z","userId":"6a14e5c9b1f4d69d6548c6a0"}
{"level":"http","message":"\u001b[0mGET /api/v1/users/me \u001b[33m403\u001b[0m 5.323 ms - 1468\u001b[0m","service":"smart-gym-api","timestamp":"2026-05-28T01:23:49.484Z"}
{"level":"http","message":"\u001b[0mGET /api/v1/exercises \u001b[36m304\u001b[0m 7.129 ms - -\u001b[0m","service":"smart-gym-api","timestamp":"2026-05-28T01:23:49.496Z"}
{"level":"warn","message":"[GET] /api/v1/users/me/subscription → 404 [INTERNAL_ERROR]: Cannot GET /api/v1/users/me/subscription","service":"smart-gym-api","timestamp":"2026-05-28T01:23:49.502Z","userId":"6a14e5c9b1f4d69d6548c6a0"}
{"level":"http","message":"\u001b[0mGET /api/v1/users/me/subscription \u001b[33m404\u001b[0m 9.917 ms - 1407\u001b[0m","service":"smart-gym-api","timestamp":"2026-05-28T01:23:49.503Z"}
{"level":"warn","message":"[GET] /api/v1/progress/body-measurements → 404 [INTERNAL_ERROR]: Cannot GET /api/v1/progress/body-measurements","service":"smart-gym-api","timestamp":"2026-05-28T01:23:49.506Z","userId":"6a14e5c9b1f4d69d6548c6a0"}
{"level":"http","message":"\u001b[0mGET /api/v1/progress/body-measurements \u001b[33m404\u001b[0m 11.709 ms - 1417\u001b[0m","service":"smart-gym-api","timestamp":"2026-05-28T01:23:49.506Z"}
{"level":"http","message":"\u001b[0mGET /api/v1/workout-plans \u001b[36m304\u001b[0m 17.608 ms - -\u001b[0m","service":"smart-gym-api","timestamp":"2026-05-28T01:23:49.509Z"}
{"level":"http","message":"\u001b[0mGET /api/v1/attendance/my \u001b[36m304\u001b[0m 16.422 ms - -\u001b[0m","service":"smart-gym-api","timestamp":"2026-05-28T01:23:49.510Z"}
{"level":"warn","message":"[GET] /api/v1/payments → 403 [FORBIDDEN]: Access denied. Requires one of: [admin]","service":"smart-gym-api","timestamp":"2026-05-28T01:23:49.512Z","userId":"6a14e5c9b1f4d69d6548c6a0"}
{"level":"http","message":"\u001b[0mGET /api/v1/payments \u001b[33m403\u001b[0m 17.274 ms - 1408\u001b[0m","service":"smart-gym-api","timestamp":"2026-05-28T01:23:49.513Z"}
{"level":"warn","message":"[POST] /api/v1/progress/body-measurements → 404 [INTERNAL_ERROR]: Cannot POST /api/v1/progress/body-measurements","service":"smart-gym-api","timestamp":"2026-05-28T01:24:26.693Z","userId":"6a14e5c9b1f4d69d6548c6a0"}
{"level":"http","message":"\u001b[0mPOST /api/v1/progress/body-measurements \u001b[33m404\u001b[0m 2.355 ms - 1419\u001b[0m","service":"smart-gym-api","timestamp":"2026-05-28T01:24:26.694Z"}
{"level":"warn","message":"[GET] /api/v1/users/me → 403 [FORBIDDEN]: Access denied. Requires one of: [admin]","service":"smart-gym-api","timestamp":"2026-05-28T01:28:55.906Z","userId":"6a14e5c9b1f4d69d6548c6a0"}
{"level":"http","message":"\u001b[0mGET /api/v1/users/me \u001b[33m403\u001b[0m 6.592 ms - 1468\u001b[0m","service":"smart-gym-api","timestamp":"2026-05-28T01:28:55.907Z"}
{"level":"http","message":"\u001b[0mGET /api/v1/exercises \u001b[36m304\u001b[0m 5.959 ms - -\u001b[0m","service":"smart-gym-api","timestamp":"2026-05-28T01:28:55.909Z"}
{"level":"warn","message":"[GET] /api/v1/users/me/subscription → 404 [INTERNAL_ERROR]: Cannot GET /api/v1/users/me/subscription","service":"smart-gym-api","timestamp":"2026-05-28T01:28:55.918Z","userId":"6a14e5c9b1f4d69d6548c6a0"}
{"level":"http","message":"\u001b[0mGET /api/v1/users/me/subscription \u001b[33m404\u001b[0m 7.894 ms - 1407\u001b[0m","service":"smart-gym-api","timestamp":"2026-05-28T01:28:55.920Z"}
{"level":"http","message":"\u001b[0mGET /api/v1/workout-plans \u001b[36m304\u001b[0m 12.852 ms - -\u001b[0m","service":"smart-gym-api","timestamp":"2026-05-28T01:28:55.922Z"}
{"level":"warn","message":"[GET] /api/v1/progress/body-measurements → 404 [INTERNAL_ERROR]: Cannot GET /api/v1/progress/body-measurements","service":"smart-gym-api","timestamp":"2026-05-28T01:28:55.926Z","userId":"6a14e5c9b1f4d69d6548c6a0"}
{"level":"http","message":"\u001b[0mGET /api/v1/progress/body-measurements \u001b[33m404\u001b[0m 3.348 ms - 1417\u001b[0m","service":"smart-gym-api","timestamp":"2026-05-28T01:28:55.926Z"}
{"level":"http","message":"\u001b[0mGET /api/v1/attendance/my \u001b[36m304\u001b[0m 12.146 ms - -\u001b[0m","service":"smart-gym-api","timestamp":"2026-05-28T01:28:55.928Z"}
{"level":"warn","message":"[GET] /api/v1/payments → 403 [FORBIDDEN]: Access denied. Requires one of: [admin]","service":"smart-gym-api","timestamp":"2026-05-28T01:28:55.930Z","userId":"6a14e5c9b1f4d69d6548c6a0"}
{"level":"http","message":"\u001b[0mGET /api/v1/payments \u001b[33m403\u001b[0m 3.314 ms - 1408\u001b[0m","service":"smart-gym-api","timestamp":"2026-05-28T01:28:55.930Z"}
{"level":"http","message":"\u001b[0mGET /api/v1/exercises \u001b[36m304\u001b[0m 8.471 ms - -\u001b[0m","service":"smart-gym-api","timestamp":"2026-05-28T01:33:24.848Z"}
{"errorCode":"INTERNAL_ERROR","level":"error","message":"Cannot populate path `favoriteExercises` because it is not in your schema. Set the `strictPopulate` option to false to override.","service":"smart-gym-api","stack":"StrictPopulateError: Cannot populate path `favoriteExercises` because it is not in your schema. Set the `strictPopulate` option to false to override.\n    at getModelsMapForPopulate (D:\\GYM_Complete\\GYM_v2_Connected\\GYM_NEW\\GYM\\backend\\node_modules\\mongoose\\lib\\helpers\\populate\\getModelsMapForPopulate.js:50:12)\n    at _populatePath (D:\\GYM_Complete\\GYM_v2_Connected\\GYM_NEW\\GYM\\backend\\node_modules\\mongoose\\lib\\model.js:4492:21)\n    at model.populate (D:\\GYM_Complete\\GYM_v2_Connected\\GYM_NEW\\GYM\\backend\\node_modules\\mongoose\\lib\\model.js:4459:21)\n    at D:\\GYM_Complete\\GYM_v2_Connected\\GYM_NEW\\GYM\\backend\\node_modules\\mongoose\\lib\\query.js:2654:11\n    at _init (D:\\GYM_Complete\\GYM_v2_Connected\\GYM_NEW\\GYM\\backend\\node_modules\\mongoose\\lib\\query.js:3330:5)\n    at Document.init (D:\\GYM_Complete\\GYM_v2_Connected\\GYM_NEW\\GYM\\backend\\node_modules\\mongoose\\lib\\document.js:660:5)\n    at Document.$init (D:\\GYM_Complete\\GYM_v2_Connected\\GYM_NEW\\GYM\\backend\\node_modules\\mongoose\\lib\\document.js:673:42)\n    at Object.createModelAndInit (D:\\GYM_Complete\\GYM_v2_Connected\\GYM_NEW\\GYM\\backend\\node_modules\\mongoose\\lib\\queryHelpers.js:123:12)\n    at completeOne (D:\\GYM_Complete\\GYM_v2_Connected\\GYM_NEW\\GYM\\backend\\node_modules\\mongoose\\lib\\query.js:3308:11)\n    at Query._completeOne (D:\\GYM_Complete\\GYM_v2_Connected\\GYM_NEW\\GYM\\backend\\node_modules\\mongoose\\lib\\query.js:2650:3)","timestamp":"2026-05-28T01:33:24.855Z","userId":"6a14e5c9b1f4d69d6548c6a0"}
{"level":"http","message":"\u001b[0mGET /api/v1/users/profile \u001b[31m500\u001b[0m 19.903 ms - 1682\u001b[0m","service":"smart-gym-api","timestamp":"2026-05-28T01:33:24.857Z"}
{"level":"warn","message":"[GET] /api/v1/subscription/my → 404 [INTERNAL_ERROR]: Cannot GET /api/v1/subscription/my","service":"smart-gym-api","timestamp":"2026-05-28T01:33:24.862Z","userId":"anon"}
{"level":"http","message":"\u001b[0mGET /api/v1/subscription/my \u001b[33m404\u001b[0m 0.860 ms - 1411\u001b[0m","service":"smart-gym-api","timestamp":"2026-05-28T01:33:24.863Z"}
{"level":"http","message":"\u001b[0mGET /api/v1/workout-plans \u001b[36m304\u001b[0m 24.175 ms - -\u001b[0m","service":"smart-gym-api","timestamp":"2026-05-28T01:33:24.870Z"}
{"errorCode":"INTERNAL_ERROR","level":"error","message":"Progress.find is not a function","service":"smart-gym-api","stack":"TypeError: Progress.find is not a function\n    at Object.getUserProgress (D:\\GYM_Complete\\GYM_v2_Connected\\GYM_NEW\\GYM\\backend\\src\\modules\\progress\\service\\progress.service.js:14:14)\n    at D:\\GYM_Complete\\GYM_v2_Connected\\GYM_NEW\\GYM\\backend\\src\\modules\\progress\\controller\\progress.controller.js:12:40\n    at D:\\GYM_Complete\\GYM_v2_Connected\\GYM_NEW\\GYM\\backend\\src\\utils\\catchAsync.js:5:19\n    at Layer.handle [as handle_request] (D:\\GYM_Complete\\GYM_v2_Connected\\GYM_NEW\\GYM\\backend\\node_modules\\express\\lib\\router\\layer.js:95:5)\n    at next (D:\\GYM_Complete\\GYM_v2_Connected\\GYM_NEW\\GYM\\backend\\node_modules\\express\\lib\\router\\route.js:149:13)\n    at Route.dispatch (D:\\GYM_Complete\\GYM_v2_Connected\\GYM_NEW\\GYM\\backend\\node_modules\\express\\lib\\router\\route.js:119:3)\n    at Layer.handle [as handle_request] (D:\\GYM_Complete\\GYM_v2_Connected\\GYM_NEW\\GYM\\backend\\node_modules\\express\\lib\\router\\layer.js:95:5)\n    at D:\\GYM_Complete\\GYM_v2_Connected\\GYM_NEW\\GYM\\backend\\node_modules\\express\\lib\\router\\index.js:284:15\n    at router.process_params (D:\\GYM_Complete\\GYM_v2_Connected\\GYM_NEW\\GYM\\backend\\node_modules\\express\\lib\\router\\index.js:346:12)\n    at next (D:\\GYM_Complete\\GYM_v2_Connected\\GYM_NEW\\GYM\\backend\\node_modules\\express\\lib\\router\\index.js:280:10)","timestamp":"2026-05-28T01:33:24.873Z","userId":"6a14e5c9b1f4d69d6548c6a0"}
{"level":"http","message":"\u001b[0mGET /api/v1/progress \u001b[31m500\u001b[0m 7.333 ms - 1477\u001b[0m","service":"smart-gym-api","timestamp":"2026-05-28T01:33:24.875Z"}
{"level":"http","message":"\u001b[0mGET /api/v1/attendance/my \u001b[36m304\u001b[0m 14.636 ms - -\u001b[0m","service":"smart-gym-api","timestamp":"2026-05-28T01:33:24.881Z"}
{"level":"http","message":"\u001b[0mGET /api/v1/payments/my \u001b[32m200\u001b[0m 17.917 ms - 89\u001b[0m","service":"smart-gym-api","timestamp":"2026-05-28T01:33:24.886Z"}
{"errorCode":"INTERNAL_ERROR","level":"error","message":"Cannot populate path `favoriteExercises` because it is not in your schema. Set the `strictPopulate` option to false to override.","service":"smart-gym-api","stack":"StrictPopulateError: Cannot populate path `favoriteExercises` because it is not in your schema. Set the `strictPopulate` option to false to override.\n    at getModelsMapForPopulate (D:\\GYM_Complete\\GYM_v2_Connected\\GYM_NEW\\GYM\\backend\\node_modules\\mongoose\\lib\\helpers\\populate\\getModelsMapForPopulate.js:50:12)\n    at _populatePath (D:\\GYM_Complete\\GYM_v2_Connected\\GYM_NEW\\GYM\\backend\\node_modules\\mongoose\\lib\\model.js:4492:21)\n    at model.populate (D:\\GYM_Complete\\GYM_v2_Connected\\GYM_NEW\\GYM\\backend\\node_modules\\mongoose\\lib\\model.js:4459:21)\n    at D:\\GYM_Complete\\GYM_v2_Connected\\GYM_NEW\\GYM\\backend\\node_modules\\mongoose\\lib\\query.js:2654:11\n    at _init (D:\\GYM_Complete\\GYM_v2_Connected\\GYM_NEW\\GYM\\backend\\node_modules\\mongoose\\lib\\query.js:3330:5)\n    at Document.init (D:\\GYM_Complete\\GYM_v2_Connected\\GYM_NEW\\GYM\\backend\\node_modules\\mongoose\\lib\\document.js:660:5)\n    at Document.$init (D:\\GYM_Complete\\GYM_v2_Connected\\GYM_NEW\\GYM\\backend\\node_modules\\mongoose\\lib\\document.js:673:42)\n    at Object.createModelAndInit (D:\\GYM_Complete\\GYM_v2_Connected\\GYM_NEW\\GYM\\backend\\node_modules\\mongoose\\lib\\queryHelpers.js:123:12)\n    at completeOne (D:\\GYM_Complete\\GYM_v2_Connected\\GYM_NEW\\GYM\\backend\\node_modules\\mongoose\\lib\\query.js:3308:11)\n    at Query._completeOne (D:\\GYM_Complete\\GYM_v2_Connected\\GYM_NEW\\GYM\\backend\\node_modules\\mongoose\\lib\\query.js:2650:3)","timestamp":"2026-05-28T01:36:19.344Z","userId":"6a14e5c9b1f4d69d6548c6a0"}
{"level":"http","message":"\u001b[0mGET /api/v1/users/profile \u001b[31m500\u001b[0m 4.174 ms - 1682\u001b[0m","service":"smart-gym-api","timestamp":"2026-05-28T01:36:19.345Z"}
{"level":"http","message":"\u001b[0mGET /api/v1/exercises \u001b[36m304\u001b[0m 2.654 ms - -\u001b[0m","service":"smart-gym-api","timestamp":"2026-05-28T01:36:19.348Z"}
{"level":"warn","message":"[GET] /api/v1/subscription/my → 404 [INTERNAL_ERROR]: Cannot GET /api/v1/subscription/my","service":"smart-gym-api","timestamp":"2026-05-28T01:36:19.353Z","userId":"anon"}
{"level":"http","message":"\u001b[0mGET /api/v1/subscription/my \u001b[33m404\u001b[0m 0.786 ms - 1411\u001b[0m","service":"smart-gym-api","timestamp":"2026-05-28T01:36:19.354Z"}
{"level":"http","message":"\u001b[0mGET /api/v1/workout-plans \u001b[36m304\u001b[0m 7.496 ms - -\u001b[0m","service":"smart-gym-api","timestamp":"2026-05-28T01:36:19.358Z"}
{"errorCode":"INTERNAL_ERROR","level":"error","message":"Progress.find is not a function","service":"smart-gym-api","stack":"TypeError: Progress.find is not a function\n    at Object.getUserProgress (D:\\GYM_Complete\\GYM_v2_Connected\\GYM_NEW\\GYM\\backend\\src\\modules\\progress\\service\\progress.service.js:14:14)\n    at D:\\GYM_Complete\\GYM_v2_Connected\\GYM_NEW\\GYM\\backend\\src\\modules\\progress\\controller\\progress.controller.js:12:40\n    at D:\\GYM_Complete\\GYM_v2_Connected\\GYM_NEW\\GYM\\backend\\src\\utils\\catchAsync.js:5:19\n    at Layer.handle [as handle_request] (D:\\GYM_Complete\\GYM_v2_Connected\\GYM_NEW\\GYM\\backend\\node_modules\\express\\lib\\router\\layer.js:95:5)\n    at next (D:\\GYM_Complete\\GYM_v2_Connected\\GYM_NEW\\GYM\\backend\\node_modules\\express\\lib\\router\\route.js:149:13)\n    at Route.dispatch (D:\\GYM_Complete\\GYM_v2_Connected\\GYM_NEW\\GYM\\backend\\node_modules\\express\\lib\\router\\route.js:119:3)\n    at Layer.handle [as handle_request] (D:\\GYM_Complete\\GYM_v2_Connected\\GYM_NEW\\GYM\\backend\\node_modules\\express\\lib\\router\\layer.js:95:5)\n    at D:\\GYM_Complete\\GYM_v2_Connected\\GYM_NEW\\GYM\\backend\\node_modules\\express\\lib\\router\\index.js:284:15\n    at router.process_params (D:\\GYM_Complete\\GYM_v2_Connected\\GYM_NEW\\GYM\\backend\\node_modules\\express\\lib\\router\\index.js:346:12)\n    at next (D:\\GYM_Complete\\GYM_v2_Connected\\GYM_NEW\\GYM\\backend\\node_modules\\express\\lib\\router\\index.js:280:10)","timestamp":"2026-05-28T01:36:19.364Z","userId":"6a14e5c9b1f4d69d6548c6a0"}
{"level":"http","message":"\u001b[0mGET /api/v1/progress \u001b[31m500\u001b[0m 3.515 ms - 1477\u001b[0m","service":"smart-gym-api","timestamp":"2026-05-28T01:36:19.365Z"}
{"level":"http","message":"\u001b[0mGET /api/v1/attendance/my \u001b[36m304\u001b[0m 8.898 ms - -\u001b[0m","service":"smart-gym-api","timestamp":"2026-05-28T01:36:19.369Z"}
{"level":"http","message":"\u001b[0mGET /api/v1/payments/my \u001b[36m304\u001b[0m 9.178 ms - -\u001b[0m","service":"smart-gym-api","timestamp":"2026-05-28T01:36:19.371Z"}
{"level":"warn","message":"SIGINT received — shutting down gracefully…","service":"smart-gym-api","timestamp":"2026-05-28T01:37:19.612Z"}
{"level":"info","message":"MongoDB connected: localhost","service":"smart-gym-api","timestamp":"2026-05-28T01:37:26.082Z"}
{"level":"info","message":"🚀  Smart Gym API running on port 5000 [development]","service":"smart-gym-api","timestamp":"2026-05-28T01:37:26.086Z"}
{"level":"info","message":"HTTP server closed.","service":"smart-gym-api","timestamp":"2026-05-28T01:37:30.262Z"}
{"level":"warn","message":"[GET] /api/v1/subscription/my → 404 [INTERNAL_ERROR]: Cannot GET /api/v1/subscription/my","service":"smart-gym-api","timestamp":"2026-05-28T01:37:30.581Z","userId":"anon"}
{"level":"http","message":"\u001b[0mGET /api/v1/subscription/my \u001b[33m404\u001b[0m 4.658 ms - 1411\u001b[0m","service":"smart-gym-api","timestamp":"2026-05-28T01:37:30.585Z"}
{"level":"http","message":"\u001b[0mGET /api/v1/exercises \u001b[36m304\u001b[0m 31.744 ms - -\u001b[0m","service":"smart-gym-api","timestamp":"2026-05-28T01:37:30.605Z"}
{"errorCode":"INTERNAL_ERROR","level":"error","message":"Cannot populate path `favoriteExercises` because it is not in your schema. Set the `strictPopulate` option to false to override.","service":"smart-gym-api","stack":"StrictPopulateError: Cannot populate path `favoriteExercises` because it is not in your schema. Set the `strictPopulate` option to false to override.\n    at getModelsMapForPopulate (D:\\GYM_Complete\\GYM_v2_Connected\\GYM_NEW\\GYM\\backend\\node_modules\\mongoose\\lib\\helpers\\populate\\getModelsMapForPopulate.js:50:12)\n    at _populatePath (D:\\GYM_Complete\\GYM_v2_Connected\\GYM_NEW\\GYM\\backend\\node_modules\\mongoose\\lib\\model.js:4492:21)\n    at model.populate (D:\\GYM_Complete\\GYM_v2_Connected\\GYM_NEW\\GYM\\backend\\node_modules\\mongoose\\lib\\model.js:4459:21)\n    at D:\\GYM_Complete\\GYM_v2_Connected\\GYM_NEW\\GYM\\backend\\node_modules\\mongoose\\lib\\query.js:2654:11\n    at _init (D:\\GYM_Complete\\GYM_v2_Connected\\GYM_NEW\\GYM\\backend\\node_modules\\mongoose\\lib\\query.js:3330:5)\n    at Document.init (D:\\GYM_Complete\\GYM_v2_Connected\\GYM_NEW\\GYM\\backend\\node_modules\\mongoose\\lib\\document.js:660:5)\n    at Document.$init (D:\\GYM_Complete\\GYM_v2_Connected\\GYM_NEW\\GYM\\backend\\node_modules\\mongoose\\lib\\document.js:673:42)\n    at Object.createModelAndInit (D:\\GYM_Complete\\GYM_v2_Connected\\GYM_NEW\\GYM\\backend\\node_modules\\mongoose\\lib\\queryHelpers.js:123:12)\n    at completeOne (D:\\GYM_Complete\\GYM_v2_Connected\\GYM_NEW\\GYM\\backend\\node_modules\\mongoose\\lib\\query.js:3308:11)\n    at Query._completeOne (D:\\GYM_Complete\\GYM_v2_Connected\\GYM_NEW\\GYM\\backend\\node_modules\\mongoose\\lib\\query.js:2650:3)","timestamp":"2026-05-28T01:37:30.624Z","userId":"6a14e5c9b1f4d69d6548c6a0"}
{"level":"http","message":"\u001b[0mGET /api/v1/users/profile \u001b[31m500\u001b[0m 67.036 ms - 1682\u001b[0m","service":"smart-gym-api","timestamp":"2026-05-28T01:37:30.626Z"}
{"level":"http","message":"\u001b[0mGET /api/v1/payments/my \u001b[36m304\u001b[0m 57.374 ms - -\u001b[0m","service":"smart-gym-api","timestamp":"2026-05-28T01:37:30.627Z"}
{"errorCode":"INTERNAL_ERROR","level":"error","message":"Progress.find is not a function","service":"smart-gym-api","stack":"TypeError: Progress.find is not a function\n    at Object.getUserProgress (D:\\GYM_Complete\\GYM_v2_Connected\\GYM_NEW\\GYM\\backend\\src\\modules\\progress\\service\\progress.service.js:14:14)\n    at D:\\GYM_Complete\\GYM_v2_Connected\\GYM_NEW\\GYM\\backend\\src\\modules\\progress\\controller\\progress.controller.js:12:40\n    at D:\\GYM_Complete\\GYM_v2_Connected\\GYM_NEW\\GYM\\backend\\src\\utils\\catchAsync.js:5:19\n    at Layer.handle [as handle_request] (D:\\GYM_Complete\\GYM_v2_Connected\\GYM_NEW\\GYM\\backend\\node_modules\\express\\lib\\router\\layer.js:95:5)\n    at next (D:\\GYM_Complete\\GYM_v2_Connected\\GYM_NEW\\GYM\\backend\\node_modules\\express\\lib\\router\\route.js:149:13)\n    at Route.dispatch (D:\\GYM_Complete\\GYM_v2_Connected\\GYM_NEW\\GYM\\backend\\node_modules\\express\\lib\\router\\route.js:119:3)\n    at Layer.handle [as handle_request] (D:\\GYM_Complete\\GYM_v2_Connected\\GYM_NEW\\GYM\\backend\\node_modules\\express\\lib\\router\\layer.js:95:5)\n    at D:\\GYM_Complete\\GYM_v2_Connected\\GYM_NEW\\GYM\\backend\\node_modules\\express\\lib\\router\\index.js:284:15\n    at router.process_params (D:\\GYM_Complete\\GYM_v2_Connected\\GYM_NEW\\GYM\\backend\\node_modules\\express\\lib\\router\\index.js:346:12)\n    at next (D:\\GYM_Complete\\GYM_v2_Connected\\GYM_NEW\\GYM\\backend\\node_modules\\express\\lib\\router\\index.js:280:10)","timestamp":"2026-05-28T01:37:30.629Z","userId":"6a14e5c9b1f4d69d6548c6a0"}
{"level":"http","message":"\u001b[0mGET /api/v1/progress \u001b[31m500\u001b[0m 23.596 ms - 1477\u001b[0m","service":"smart-gym-api","timestamp":"2026-05-28T01:37:30.635Z"}
{"level":"http","message":"\u001b[0mGET /api/v1/workout-plans \u001b[36m304\u001b[0m 60.768 ms - -\u001b[0m","service":"smart-gym-api","timestamp":"2026-05-28T01:37:30.638Z"}
{"level":"http","message":"\u001b[0mGET /api/v1/attendance/my \u001b[36m304\u001b[0m 53.325 ms - -\u001b[0m","service":"smart-gym-api","timestamp":"2026-05-28T01:37:30.640Z"}
{"level":"warn","message":"[GET] /api/v1/subscription/my → 404 [INTERNAL_ERROR]: Cannot GET /api/v1/subscription/my","service":"smart-gym-api","timestamp":"2026-05-28T01:37:36.490Z","userId":"anon"}
{"level":"http","message":"\u001b[0mGET /api/v1/subscription/my \u001b[33m404\u001b[0m 0.852 ms - 1411\u001b[0m","service":"smart-gym-api","timestamp":"2026-05-28T01:37:36.491Z"}
{"level":"http","message":"\u001b[0mGET /api/v1/exercises \u001b[36m304\u001b[0m 11.669 ms - -\u001b[0m","service":"smart-gym-api","timestamp":"2026-05-28T01:37:36.499Z"}
{"errorCode":"INTERNAL_ERROR","level":"error","message":"Progress.find is not a function","service":"smart-gym-api","stack":"TypeError: Progress.find is not a function\n    at Object.getUserProgress (D:\\GYM_Complete\\GYM_v2_Connected\\GYM_NEW\\GYM\\backend\\src\\modules\\progress\\service\\progress.service.js:14:14)\n    at D:\\GYM_Complete\\GYM_v2_Connected\\GYM_NEW\\GYM\\backend\\src\\modules\\progress\\controller\\progress.controller.js:12:40\n    at D:\\GYM_Complete\\GYM_v2_Connected\\GYM_NEW\\GYM\\backend\\src\\utils\\catchAsync.js:5:19\n    at Layer.handle [as handle_request] (D:\\GYM_Complete\\GYM_v2_Connected\\GYM_NEW\\GYM\\backend\\node_modules\\express\\lib\\router\\layer.js:95:5)\n    at next (D:\\GYM_Complete\\GYM_v2_Connected\\GYM_NEW\\GYM\\backend\\node_modules\\express\\lib\\router\\route.js:149:13)\n    at Route.dispatch (D:\\GYM_Complete\\GYM_v2_Connected\\GYM_NEW\\GYM\\backend\\node_modules\\express\\lib\\router\\route.js:119:3)\n    at Layer.handle [as handle_request] (D:\\GYM_Complete\\GYM_v2_Connected\\GYM_NEW\\GYM\\backend\\node_modules\\express\\lib\\router\\layer.js:95:5)\n    at D:\\GYM_Complete\\GYM_v2_Connected\\GYM_NEW\\GYM\\backend\\node_modules\\express\\lib\\router\\index.js:284:15\n    at router.process_params (D:\\GYM_Complete\\GYM_v2_Connected\\GYM_NEW\\GYM\\backend\\node_modules\\express\\lib\\router\\index.js:346:12)\n    at next (D:\\GYM_Complete\\GYM_v2_Connected\\GYM_NEW\\GYM\\backend\\node_modules\\express\\lib\\router\\index.js:280:10)","timestamp":"2026-05-28T01:37:36.506Z","userId":"6a14e5c9b1f4d69d6548c6a0"}
{"level":"http","message":"\u001b[0mGET /api/v1/progress \u001b[31m500\u001b[0m 13.140 ms - 1477\u001b[0m","service":"smart-gym-api","timestamp":"2026-05-28T01:37:36.507Z"}
{"errorCode":"INTERNAL_ERROR","level":"error","message":"Cannot populate path `favoriteExercises` because it is not in your schema. Set the `strictPopulate` option to false to override.","service":"smart-gym-api","stack":"StrictPopulateError: Cannot populate path `favoriteExercises` because it is not in your schema. Set the `strictPopulate` option to false to override.\n    at getModelsMapForPopulate (D:\\GYM_Complete\\GYM_v2_Connected\\GYM_NEW\\GYM\\backend\\node_modules\\mongoose\\lib\\helpers\\populate\\getModelsMapForPopulate.js:50:12)\n    at _populatePath (D:\\GYM_Complete\\GYM_v2_Connected\\GYM_NEW\\GYM\\backend\\node_modules\\mongoose\\lib\\model.js:4492:21)\n    at model.populate (D:\\GYM_Complete\\GYM_v2_Connected\\GYM_NEW\\GYM\\backend\\node_modules\\mongoose\\lib\\model.js:4459:21)\n    at D:\\GYM_Complete\\GYM_v2_Connected\\GYM_NEW\\GYM\\backend\\node_modules\\mongoose\\lib\\query.js:2654:11\n    at _init (D:\\GYM_Complete\\GYM_v2_Connected\\GYM_NEW\\GYM\\backend\\node_modules\\mongoose\\lib\\query.js:3330:5)\n    at Document.init (D:\\GYM_Complete\\GYM_v2_Connected\\GYM_NEW\\GYM\\backend\\node_modules\\mongoose\\lib\\document.js:660:5)\n    at Document.$init (D:\\GYM_Complete\\GYM_v2_Connected\\GYM_NEW\\GYM\\backend\\node_modules\\mongoose\\lib\\document.js:673:42)\n    at Object.createModelAndInit (D:\\GYM_Complete\\GYM_v2_Connected\\GYM_NEW\\GYM\\backend\\node_modules\\mongoose\\lib\\queryHelpers.js:123:12)\n    at completeOne (D:\\GYM_Complete\\GYM_v2_Connected\\GYM_NEW\\GYM\\backend\\node_modules\\mongoose\\lib\\query.js:3308:11)\n    at Query._completeOne (D:\\GYM_Complete\\GYM_v2_Connected\\GYM_NEW\\GYM\\backend\\node_modules\\mongoose\\lib\\query.js:2650:3)","timestamp":"2026-05-28T01:37:36.508Z","userId":"6a14e5c9b1f4d69d6548c6a0"}
{"level":"http","message":"\u001b[0mGET /api/v1/users/profile \u001b[31m500\u001b[0m 23.790 ms - 1682\u001b[0m","service":"smart-gym-api","timestamp":"2026-05-28T01:37:36.509Z"}
{"level":"http","message":"\u001b[0mGET /api/v1/workout-plans \u001b[36m304\u001b[0m 22.057 ms - -\u001b[0m","service":"smart-gym-api","timestamp":"2026-05-28T01:37:36.511Z"}
{"level":"http","message":"\u001b[0mGET /api/v1/attendance/my \u001b[36m304\u001b[0m 22.715 ms - -\u001b[0m","service":"smart-gym-api","timestamp":"2026-05-28T01:37:36.515Z"}
{"level":"http","message":"\u001b[0mGET /api/v1/payments/my \u001b[36m304\u001b[0m 14.169 ms - -\u001b[0m","service":"smart-gym-api","timestamp":"2026-05-28T01:37:36.517Z"}
{"level":"info","message":"User logged in: moustfamm120@gmail.com","service":"smart-gym-api","timestamp":"2026-05-28T01:37:50.643Z"}
{"level":"http","message":"\u001b[0mPOST /api/v1/auth/login \u001b[32m200\u001b[0m 426.447 ms - 395\u001b[0m","service":"smart-gym-api","timestamp":"2026-05-28T01:37:50.644Z"}
{"errorCode":"INTERNAL_ERROR","level":"error","message":"Cannot populate path `favoriteExercises` because it is not in your schema. Set the `strictPopulate` option to false to override.","service":"smart-gym-api","stack":"StrictPopulateError: Cannot populate path `favoriteExercises` because it is not in your schema. Set the `strictPopulate` option to false to override.\n    at getModelsMapForPopulate (D:\\GYM_Complete\\GYM_v2_Connected\\GYM_NEW\\GYM\\backend\\node_modules\\mongoose\\lib\\helpers\\populate\\getModelsMapForPopulate.js:50:12)\n    at _populatePath (D:\\GYM_Complete\\GYM_v2_Connected\\GYM_NEW\\GYM\\backend\\node_modules\\mongoose\\lib\\model.js:4492:21)\n    at model.populate (D:\\GYM_Complete\\GYM_v2_Connected\\GYM_NEW\\GYM\\backend\\node_modules\\mongoose\\lib\\model.js:4459:21)\n    at D:\\GYM_Complete\\GYM_v2_Connected\\GYM_NEW\\GYM\\backend\\node_modules\\mongoose\\lib\\query.js:2654:11\n    at _init (D:\\GYM_Complete\\GYM_v2_Connected\\GYM_NEW\\GYM\\backend\\node_modules\\mongoose\\lib\\query.js:3330:5)\n    at Document.init (D:\\GYM_Complete\\GYM_v2_Connected\\GYM_NEW\\GYM\\backend\\node_modules\\mongoose\\lib\\document.js:660:5)\n    at Document.$init (D:\\GYM_Complete\\GYM_v2_Connected\\GYM_NEW\\GYM\\backend\\node_modules\\mongoose\\lib\\document.js:673:42)\n    at Object.createModelAndInit (D:\\GYM_Complete\\GYM_v2_Connected\\GYM_NEW\\GYM\\backend\\node_modules\\mongoose\\lib\\queryHelpers.js:123:12)\n    at completeOne (D:\\GYM_Complete\\GYM_v2_Connected\\GYM_NEW\\GYM\\backend\\node_modules\\mongoose\\lib\\query.js:3308:11)\n    at Query._completeOne (D:\\GYM_Complete\\GYM_v2_Connected\\GYM_NEW\\GYM\\backend\\node_modules\\mongoose\\lib\\query.js:2650:3)","timestamp":"2026-05-28T01:37:50.718Z","userId":"6a14e5c9b1f4d69d6548c6a0"}
{"level":"http","message":"\u001b[0mGET /api/v1/users/profile \u001b[31m500\u001b[0m 14.023 ms - 1682\u001b[0m","service":"smart-gym-api","timestamp":"2026-05-28T01:37:50.723Z"}
{"level":"warn","message":"[GET] /api/v1/subscription/my → 404 [INTERNAL_ERROR]: Cannot GET /api/v1/subscription/my","service":"smart-gym-api","timestamp":"2026-05-28T01:37:50.744Z","userId":"anon"}
{"level":"http","message":"\u001b[0mGET /api/v1/subscription/my \u001b[33m404\u001b[0m 6.851 ms - 1411\u001b[0m","service":"smart-gym-api","timestamp":"2026-05-28T01:37:50.751Z"}
{"level":"http","message":"\u001b[0mGET /api/v1/exercises \u001b[36m304\u001b[0m 16.396 ms - -\u001b[0m","service":"smart-gym-api","timestamp":"2026-05-28T01:37:50.757Z"}
{"errorCode":"INTERNAL_ERROR","level":"error","message":"Progress.find is not a function","service":"smart-gym-api","stack":"TypeError: Progress.find is not a function\n    at Object.getUserProgress (D:\\GYM_Complete\\GYM_v2_Connected\\GYM_NEW\\GYM\\backend\\src\\modules\\progress\\service\\progress.service.js:14:14)\n    at D:\\GYM_Complete\\GYM_v2_Connected\\GYM_NEW\\GYM\\backend\\src\\modules\\progress\\controller\\progress.controller.js:12:40\n    at D:\\GYM_Complete\\GYM_v2_Connected\\GYM_NEW\\GYM\\backend\\src\\utils\\catchAsync.js:5:19\n    at Layer.handle [as handle_request] (D:\\GYM_Complete\\GYM_v2_Connected\\GYM_NEW\\GYM\\backend\\node_modules\\express\\lib\\router\\layer.js:95:5)\n    at next (D:\\GYM_Complete\\GYM_v2_Connected\\GYM_NEW\\GYM\\backend\\node_modules\\express\\lib\\router\\route.js:149:13)\n    at Route.dispatch (D:\\GYM_Complete\\GYM_v2_Connected\\GYM_NEW\\GYM\\backend\\node_modules\\express\\lib\\router\\route.js:119:3)\n    at Layer.handle [as handle_request] (D:\\GYM_Complete\\GYM_v2_Connected\\GYM_NEW\\GYM\\backend\\node_modules\\express\\lib\\router\\layer.js:95:5)\n    at D:\\GYM_Complete\\GYM_v2_Connected\\GYM_NEW\\GYM\\backend\\node_modules\\express\\lib\\router\\index.js:284:15\n    at router.process_params (D:\\GYM_Complete\\GYM_v2_Connected\\GYM_NEW\\GYM\\backend\\node_modules\\express\\lib\\router\\index.js:346:12)\n    at next (D:\\GYM_Complete\\GYM_v2_Connected\\GYM_NEW\\GYM\\backend\\node_modules\\express\\lib\\router\\index.js:280:10)","timestamp":"2026-05-28T01:37:50.761Z","userId":"6a14e5c9b1f4d69d6548c6a0"}
{"level":"http","message":"\u001b[0mGET /api/v1/progress \u001b[31m500\u001b[0m 7.167 ms - 1477\u001b[0m","service":"smart-gym-api","timestamp":"2026-05-28T01:37:50.761Z"}
{"level":"http","message":"\u001b[0mGET /api/v1/payments/my \u001b[36m304\u001b[0m 25.033 ms - -\u001b[0m","service":"smart-gym-api","timestamp":"2026-05-28T01:37:50.763Z"}
{"level":"http","message":"\u001b[0mGET /api/v1/workout-plans \u001b[36m304\u001b[0m 24.395 ms - -\u001b[0m","service":"smart-gym-api","timestamp":"2026-05-28T01:37:50.767Z"}
{"level":"http","message":"\u001b[0mGET /api/v1/attendance/my \u001b[36m304\u001b[0m 15.858 ms - -\u001b[0m","service":"smart-gym-api","timestamp":"2026-05-28T01:37:50.769Z"}
{"level":"warn","message":"SIGINT received — shutting down gracefully…","service":"smart-gym-api","timestamp":"2026-05-28T01:41:37.418Z"}
{"level":"info","message":"MongoDB connected: localhost","service":"smart-gym-api","timestamp":"2026-05-28T01:41:45.085Z"}
{"level":"info","message":"🚀  Smart Gym API running on port 5000 [development]","service":"smart-gym-api","timestamp":"2026-05-28T01:41:45.090Z"}
{"level":"http","message":"\u001b[0mGET /api/v1/exercises \u001b[36m304\u001b[0m 32.197 ms - -\u001b[0m","service":"smart-gym-api","timestamp":"2026-05-28T01:41:51.101Z"}
{"errorCode":"INTERNAL_ERROR","level":"error","message":"Subscription.findOne is not a function","service":"smart-gym-api","stack":"TypeError: Subscription.findOne is not a function\n    at Object.getMySubscription (D:\\GYM_Complete\\GYM_v2_Connected\\GYM_NEW\\GYM\\backend\\src\\modules\\subscription\\service\\subscription.service.js:72:23)\n    at D:\\GYM_Complete\\GYM_v2_Connected\\GYM_NEW\\GYM\\backend\\src\\modules\\subscription\\controller\\subscription.controller.js:12:41\n    at D:\\GYM_Complete\\GYM_v2_Connected\\GYM_NEW\\GYM\\backend\\src\\utils\\catchAsync.js:5:19\n    at Layer.handle [as handle_request] (D:\\GYM_Complete\\GYM_v2_Connected\\GYM_NEW\\GYM\\backend\\node_modules\\express\\lib\\router\\layer.js:95:5)\n    at next (D:\\GYM_Complete\\GYM_v2_Connected\\GYM_NEW\\GYM\\backend\\node_modules\\express\\lib\\router\\route.js:149:13)\n    at Route.dispatch (D:\\GYM_Complete\\GYM_v2_Connected\\GYM_NEW\\GYM\\backend\\node_modules\\express\\lib\\router\\route.js:119:3)\n    at Layer.handle [as handle_request] (D:\\GYM_Complete\\GYM_v2_Connected\\GYM_NEW\\GYM\\backend\\node_modules\\express\\lib\\router\\layer.js:95:5)\n    at D:\\GYM_Complete\\GYM_v2_Connected\\GYM_NEW\\GYM\\backend\\node_modules\\express\\lib\\router\\index.js:284:15\n    at router.process_params (D:\\GYM_Complete\\GYM_v2_Connected\\GYM_NEW\\GYM\\backend\\node_modules\\express\\lib\\router\\index.js:346:12)\n    at next (D:\\GYM_Complete\\GYM_v2_Connected\\GYM_NEW\\GYM\\backend\\node_modules\\express\\lib\\router\\index.js:280:10)","timestamp":"2026-05-28T01:41:51.111Z","userId":"6a14e5c9b1f4d69d6548c6a0"}
{"level":"http","message":"\u001b[0mGET /api/v1/subscription/my \u001b[31m500\u001b[0m 33.436 ms - 1509\u001b[0m","service":"smart-gym-api","timestamp":"2026-05-28T01:41:51.114Z"}
{"errorCode":"INTERNAL_ERROR","level":"error","message":"Cannot populate path `favoriteExercises` because it is not in your schema. Set the `strictPopulate` option to false to override.","service":"smart-gym-api","stack":"StrictPopulateError: Cannot populate path `favoriteExercises` because it is not in your schema. Set the `strictPopulate` option to false to override.\n    at getModelsMapForPopulate (D:\\GYM_Complete\\GYM_v2_Connected\\GYM_NEW\\GYM\\backend\\node_modules\\mongoose\\lib\\helpers\\populate\\getModelsMapForPopulate.js:50:12)\n    at _populatePath (D:\\GYM_Complete\\GYM_v2_Connected\\GYM_NEW\\GYM\\backend\\node_modules\\mongoose\\lib\\model.js:4492:21)\n    at model.populate (D:\\GYM_Complete\\GYM_v2_Connected\\GYM_NEW\\GYM\\backend\\node_modules\\mongoose\\lib\\model.js:4459:21)\n    at D:\\GYM_Complete\\GYM_v2_Connected\\GYM_NEW\\GYM\\backend\\node_modules\\mongoose\\lib\\query.js:2654:11\n    at _init (D:\\GYM_Complete\\GYM_v2_Connected\\GYM_NEW\\GYM\\backend\\node_modules\\mongoose\\lib\\query.js:3330:5)\n    at Document.init (D:\\GYM_Complete\\GYM_v2_Connected\\GYM_NEW\\GYM\\backend\\node_modules\\mongoose\\lib\\document.js:660:5)\n    at Document.$init (D:\\GYM_Complete\\GYM_v2_Connected\\GYM_NEW\\GYM\\backend\\node_modules\\mongoose\\lib\\document.js:673:42)\n    at Object.createModelAndInit (D:\\GYM_Complete\\GYM_v2_Connected\\GYM_NEW\\GYM\\backend\\node_modules\\mongoose\\lib\\queryHelpers.js:123:12)\n    at completeOne (D:\\GYM_Complete\\GYM_v2_Connected\\GYM_NEW\\GYM\\backend\\node_modules\\mongoose\\lib\\query.js:3308:11)\n    at Query._completeOne (D:\\GYM_Complete\\GYM_v2_Connected\\GYM_NEW\\GYM\\backend\\node_modules\\mongoose\\lib\\query.js:2650:3)","timestamp":"2026-05-28T01:41:51.128Z","userId":"6a14e5c9b1f4d69d6548c6a0"}
{"level":"http","message":"\u001b[0mGET /api/v1/users/profile \u001b[31m500\u001b[0m 75.310 ms - 1682\u001b[0m","service":"smart-gym-api","timestamp":"2026-05-28T01:41:51.130Z"}
{"level":"http","message":"\u001b[0mGET /api/v1/workout-plans \u001b[36m304\u001b[0m 66.815 ms - -\u001b[0m","service":"smart-gym-api","timestamp":"2026-05-28T01:41:51.144Z"}
{"level":"http","message":"\u001b[0mGET /api/v1/attendance/my \u001b[36m304\u001b[0m 63.003 ms - -\u001b[0m","service":"smart-gym-api","timestamp":"2026-05-28T01:41:51.147Z"}
{"level":"http","message":"\u001b[0mGET /api/v1/payments/my \u001b[36m304\u001b[0m 50.294 ms - -\u001b[0m","service":"smart-gym-api","timestamp":"2026-05-28T01:41:51.184Z"}
{"level":"http","message":"\u001b[0mGET /api/v1/progress \u001b[32m200\u001b[0m 112.477 ms - 85\u001b[0m","service":"smart-gym-api","timestamp":"2026-05-28T01:41:51.202Z"}
{"errorCode":"INTERNAL_ERROR","level":"error","message":"Subscription.updateMany is not a function","service":"smart-gym-api","stack":"TypeError: Subscription.updateMany is not a function\n    at Object.createSubscription (D:\\GYM_Complete\\GYM_v2_Connected\\GYM_NEW\\GYM\\backend\\src\\modules\\subscription\\service\\subscription.service.js:45:40)\n    at D:\\GYM_Complete\\GYM_v2_Connected\\GYM_NEW\\GYM\\backend\\src\\modules\\subscription\\controller\\subscription.controller.js:7:41\n    at D:\\GYM_Complete\\GYM_v2_Connected\\GYM_NEW\\GYM\\backend\\src\\utils\\catchAsync.js:5:19\n    at Layer.handle [as handle_request] (D:\\GYM_Complete\\GYM_v2_Connected\\GYM_NEW\\GYM\\backend\\node_modules\\express\\lib\\router\\layer.js:95:5)\n    at next (D:\\GYM_Complete\\GYM_v2_Connected\\GYM_NEW\\GYM\\backend\\node_modules\\express\\lib\\router\\route.js:149:13)\n    at D:\\GYM_Complete\\GYM_v2_Connected\\GYM_NEW\\GYM\\backend\\src\\middlewares\\validate.middleware.js:41:5\n    at Layer.handle [as handle_request] (D:\\GYM_Complete\\GYM_v2_Connected\\GYM_NEW\\GYM\\backend\\node_modules\\express\\lib\\router\\layer.js:95:5)\n    at next (D:\\GYM_Complete\\GYM_v2_Connected\\GYM_NEW\\GYM\\backend\\node_modules\\express\\lib\\router\\route.js:149:13)\n    at Route.dispatch (D:\\GYM_Complete\\GYM_v2_Connected\\GYM_NEW\\GYM\\backend\\node_modules\\express\\lib\\router\\route.js:119:3)\n    at Layer.handle [as handle_request] (D:\\GYM_Complete\\GYM_v2_Connected\\GYM_NEW\\GYM\\backend\\node_modules\\express\\lib\\router\\layer.js:95:5)","timestamp":"2026-05-28T01:42:38.131Z","userId":"6a14e5c9b1f4d69d6548c6a0"}
{"level":"http","message":"\u001b[0mPOST /api/v1/subscriptions \u001b[31m500\u001b[0m 5.733 ms - 1518\u001b[0m","service":"smart-gym-api","timestamp":"2026-05-28T01:42:38.132Z"}
{"level":"info","message":"MongoDB connected: localhost","service":"smart-gym-api","timestamp":"2026-05-28T01:59:18.678Z"}
{"level":"info","message":"MongoDB connected: localhost","service":"smart-gym-api","timestamp":"2026-05-28T01:59:57.791Z"}
{"level":"info","message":"🚀  Smart Gym API running on port 5000 [development]","service":"smart-gym-api","timestamp":"2026-05-28T01:59:57.795Z"}
{"level":"warn","message":"[POST] /api/v1/auth/login → 401 [INTERNAL_ERROR]: Invalid email or password.","service":"smart-gym-api","timestamp":"2026-05-28T02:00:25.225Z","userId":"anon"}
{"level":"http","message":"\u001b[0mPOST /api/v1/auth/login \u001b[33m401\u001b[0m 316.388 ms - 395\u001b[0m","service":"smart-gym-api","timestamp":"2026-05-28T02:00:25.238Z"}
{"level":"warn","message":"[GET] /api/v1/users/profile → 401 [TOKEN_MISSING]: Authentication required. Please provide a Bearer token.","service":"smart-gym-api","timestamp":"2026-05-28T02:00:35.542Z","userId":"anon"}
{"level":"http","message":"\u001b[0mGET /api/v1/users/profile \u001b[33m401\u001b[0m 1.192 ms - 1482\u001b[0m","service":"smart-gym-api","timestamp":"2026-05-28T02:00:35.543Z"}
{"level":"info","message":"New user registered: testuser999@example.com (user)","service":"smart-gym-api","timestamp":"2026-05-28T02:02:18.228Z"}
{"level":"http","message":"\u001b[0mPOST /api/v1/auth/register \u001b[32m201\u001b[0m 279.699 ms - 397\u001b[0m","service":"smart-gym-api","timestamp":"2026-05-28T02:02:18.231Z"}
{"errorCode":"INTERNAL_ERROR","level":"error","message":"Subscription.findOne is not a function","service":"smart-gym-api","stack":"TypeError: Subscription.findOne is not a function\n    at Object.getMySubscription (D:\\GYM_Complete\\GYM_v2_Connected\\GYM_NEW\\GYM\\backend\\src\\modules\\subscription\\service\\subscription.service.js:72:23)\n    at D:\\GYM_Complete\\GYM_v2_Connected\\GYM_NEW\\GYM\\backend\\src\\modules\\subscription\\controller\\subscription.controller.js:12:41\n    at D:\\GYM_Complete\\GYM_v2_Connected\\GYM_NEW\\GYM\\backend\\src\\utils\\catchAsync.js:5:19\n    at Layer.handle [as handle_request] (D:\\GYM_Complete\\GYM_v2_Connected\\GYM_NEW\\GYM\\backend\\node_modules\\express\\lib\\router\\layer.js:95:5)\n    at next (D:\\GYM_Complete\\GYM_v2_Connected\\GYM_NEW\\GYM\\backend\\node_modules\\express\\lib\\router\\route.js:149:13)\n    at Route.dispatch (D:\\GYM_Complete\\GYM_v2_Connected\\GYM_NEW\\GYM\\backend\\node_modules\\express\\lib\\router\\route.js:119:3)\n    at Layer.handle [as handle_request] (D:\\GYM_Complete\\GYM_v2_Connected\\GYM_NEW\\GYM\\backend\\node_modules\\express\\lib\\router\\layer.js:95:5)\n    at D:\\GYM_Complete\\GYM_v2_Connected\\GYM_NEW\\GYM\\backend\\node_modules\\express\\lib\\router\\index.js:284:15\n    at router.process_params (D:\\GYM_Complete\\GYM_v2_Connected\\GYM_NEW\\GYM\\backend\\node_modules\\express\\lib\\router\\index.js:346:12)\n    at next (D:\\GYM_Complete\\GYM_v2_Connected\\GYM_NEW\\GYM\\backend\\node_modules\\express\\lib\\router\\index.js:280:10)","timestamp":"2026-05-28T02:02:29.564Z","userId":"6a17a229e7219446fe7c8425"}
{"level":"http","message":"\u001b[0mGET /api/v1/subscription/my \u001b[31m500\u001b[0m 8.666 ms - 1509\u001b[0m","service":"smart-gym-api","timestamp":"2026-05-28T02:02:29.565Z"}
{"level":"warn","message":"[GET] /api/v1/subscriptions → 403 [FORBIDDEN]: Access denied. Requires one of: [admin]","service":"smart-gym-api","timestamp":"2026-05-28T02:02:29.566Z","userId":"6a17a229e7219446fe7c8425"}
{"level":"http","message":"\u001b[0mGET /api/v1/subscriptions \u001b[33m403\u001b[0m 7.968 ms - 1408\u001b[0m","service":"smart-gym-api","timestamp":"2026-05-28T02:02:29.567Z"}
{"errorCode":"INTERNAL_ERROR","level":"error","message":"Cannot populate path `favoriteExercises` because it is not in your schema. Set the `strictPopulate` option to false to override.","service":"smart-gym-api","stack":"StrictPopulateError: Cannot populate path `favoriteExercises` because it is not in your schema. Set the `strictPopulate` option to false to override.\n    at getModelsMapForPopulate (D:\\GYM_Complete\\GYM_v2_Connected\\GYM_NEW\\GYM\\backend\\node_modules\\mongoose\\lib\\helpers\\populate\\getModelsMapForPopulate.js:50:12)\n    at _populatePath (D:\\GYM_Complete\\GYM_v2_Connected\\GYM_NEW\\GYM\\backend\\node_modules\\mongoose\\lib\\model.js:4492:21)\n    at model.populate (D:\\GYM_Complete\\GYM_v2_Connected\\GYM_NEW\\GYM\\backend\\node_modules\\mongoose\\lib\\model.js:4459:21)\n    at D:\\GYM_Complete\\GYM_v2_Connected\\GYM_NEW\\GYM\\backend\\node_modules\\mongoose\\lib\\query.js:2654:11\n    at _init (D:\\GYM_Complete\\GYM_v2_Connected\\GYM_NEW\\GYM\\backend\\node_modules\\mongoose\\lib\\query.js:3330:5)\n    at Document.init (D:\\GYM_Complete\\GYM_v2_Connected\\GYM_NEW\\GYM\\backend\\node_modules\\mongoose\\lib\\document.js:660:5)\n    at Document.$init (D:\\GYM_Complete\\GYM_v2_Connected\\GYM_NEW\\GYM\\backend\\node_modules\\mongoose\\lib\\document.js:673:42)\n    at Object.createModelAndInit (D:\\GYM_Complete\\GYM_v2_Connected\\GYM_NEW\\GYM\\backend\\node_modules\\mongoose\\lib\\queryHelpers.js:123:12)\n    at completeOne (D:\\GYM_Complete\\GYM_v2_Connected\\GYM_NEW\\GYM\\backend\\node_modules\\mongoose\\lib\\query.js:3308:11)\n    at Query._completeOne (D:\\GYM_Complete\\GYM_v2_Connected\\GYM_NEW\\GYM\\backend\\node_modules\\mongoose\\lib\\query.js:2650:3)","timestamp":"2026-05-28T02:02:29.572Z","userId":"6a17a229e7219446fe7c8425"}
{"level":"http","message":"\u001b[0mGET /api/v1/users/profile \u001b[31m500\u001b[0m 14.965 ms - 1682\u001b[0m","service":"smart-gym-api","timestamp":"2026-05-28T02:02:29.573Z"}
{"level":"info","message":"MongoDB connected: localhost","service":"smart-gym-api","timestamp":"2026-05-28T02:03:31.938Z"}
{"level":"info","message":"🚀  Smart Gym API running on port 5000 [development]","service":"smart-gym-api","timestamp":"2026-05-28T02:03:31.945Z"}
{"level":"http","message":"\u001b[0mGET /api/v1/users/profile \u001b[32m200\u001b[0m 19.623 ms - 399\u001b[0m","service":"smart-gym-api","timestamp":"2026-05-28T02:03:51.371Z"}
{"level":"http","message":"\u001b[0mGET /api/v1/subscription/my \u001b[32m200\u001b[0m 17.712 ms - 48\u001b[0m","service":"smart-gym-api","timestamp":"2026-05-28T02:03:51.376Z"}
{"level":"info","message":"MongoDB connected: localhost","service":"smart-gym-api","timestamp":"2026-05-28T02:05:42.399Z"}
{"level":"info","message":"MongoDB connected: localhost","service":"smart-gym-api","timestamp":"2026-05-28T02:07:08.308Z"}
{"level":"info","message":"🚀  Smart Gym API running on port 5000 [development]","service":"smart-gym-api","timestamp":"2026-05-28T02:07:08.313Z"}
{"level":"info","message":"User logged in: moustfamm120@gmail.com","service":"smart-gym-api","timestamp":"2026-05-28T02:07:32.459Z"}
{"level":"http","message":"\u001b[0mPOST /api/v1/auth/login \u001b[32m200\u001b[0m 455.746 ms - 395\u001b[0m","service":"smart-gym-api","timestamp":"2026-05-28T02:07:32.465Z"}
{"level":"http","message":"\u001b[0mGET /api/v1/users/profile \u001b[32m200\u001b[0m 21.943 ms - 404\u001b[0m","service":"smart-gym-api","timestamp":"2026-05-28T02:07:32.563Z"}
{"level":"http","message":"\u001b[0mGET /api/v1/subscription/my \u001b[32m200\u001b[0m 19.211 ms - 48\u001b[0m","service":"smart-gym-api","timestamp":"2026-05-28T02:07:32.587Z"}
{"level":"http","message":"\u001b[0mGET /api/v1/payments/my \u001b[36m304\u001b[0m 29.207 ms - -\u001b[0m","service":"smart-gym-api","timestamp":"2026-05-28T02:07:32.602Z"}
{"level":"http","message":"\u001b[0mGET /api/v1/progress \u001b[36m304\u001b[0m 31.829 ms - -\u001b[0m","service":"smart-gym-api","timestamp":"2026-05-28T02:07:32.603Z"}
{"level":"http","message":"\u001b[0mGET /api/v1/workout-plans \u001b[36m304\u001b[0m 38.124 ms - -\u001b[0m","service":"smart-gym-api","timestamp":"2026-05-28T02:07:32.604Z"}
{"level":"http","message":"\u001b[0mGET /api/v1/attendance/my \u001b[36m304\u001b[0m 35.744 ms - -\u001b[0m","service":"smart-gym-api","timestamp":"2026-05-28T02:07:32.605Z"}
{"level":"http","message":"\u001b[0mGET /api/v1/exercises \u001b[36m304\u001b[0m 52.632 ms - -\u001b[0m","service":"smart-gym-api","timestamp":"2026-05-28T02:07:32.607Z"}
{"level":"warn","message":"[POST] /api/v1/subscriptions → 400 [VALIDATION_ERROR]: Cast to ObjectId failed for value \"basic\" (type string) at path \"plan\" because of \"BSONError\"; Start date is required; End date must be after start date","service":"smart-gym-api","timestamp":"2026-05-28T02:08:02.278Z","userId":"6a14e5c9b1f4d69d6548c6a0"}
{"level":"http","message":"\u001b[0mPOST /api/v1/subscriptions \u001b[33m400\u001b[0m 25.669 ms - 1677\u001b[0m","service":"smart-gym-api","timestamp":"2026-05-28T02:08:02.280Z"}
{"level":"warn","message":"SIGINT received — shutting down gracefully…","service":"smart-gym-api","timestamp":"2026-05-28T02:11:22.764Z"}
{"level":"info","message":"MongoDB connected: localhost","service":"smart-gym-api","timestamp":"2026-05-28T02:11:36.201Z"}
{"level":"info","message":"🚀  Smart Gym API running on port 5000 [development]","service":"smart-gym-api","timestamp":"2026-05-28T02:11:36.206Z"}
{"level":"info","message":"User logged in: moustfamm120@gmail.com","service":"smart-gym-api","timestamp":"2026-05-28T02:11:58.280Z"}
{"level":"http","message":"\u001b[0mPOST /api/v1/auth/login \u001b[32m200\u001b[0m 375.304 ms - 395\u001b[0m","service":"smart-gym-api","timestamp":"2026-05-28T02:11:58.287Z"}
{"level":"http","message":"\u001b[0mGET /api/v1/exercises \u001b[36m304\u001b[0m 13.830 ms - -\u001b[0m","service":"smart-gym-api","timestamp":"2026-05-28T02:11:58.361Z"}
{"level":"http","message":"\u001b[0mGET /api/v1/users/profile \u001b[36m304\u001b[0m 33.668 ms - -\u001b[0m","service":"smart-gym-api","timestamp":"2026-05-28T02:11:58.376Z"}
{"level":"http","message":"\u001b[0mGET /api/v1/workout-plans \u001b[36m304\u001b[0m 29.260 ms - -\u001b[0m","service":"smart-gym-api","timestamp":"2026-05-28T02:11:58.381Z"}
{"level":"http","message":"\u001b[0mGET /api/v1/subscription/my \u001b[36m304\u001b[0m 28.488 ms - -\u001b[0m","service":"smart-gym-api","timestamp":"2026-05-28T02:11:58.384Z"}
{"level":"http","message":"\u001b[0mGET /api/v1/attendance/my \u001b[36m304\u001b[0m 25.258 ms - -\u001b[0m","service":"smart-gym-api","timestamp":"2026-05-28T02:11:58.391Z"}
{"level":"http","message":"\u001b[0mGET /api/v1/progress \u001b[36m304\u001b[0m 15.708 ms - -\u001b[0m","service":"smart-gym-api","timestamp":"2026-05-28T02:11:58.394Z"}
{"level":"http","message":"\u001b[0mGET /api/v1/payments/my \u001b[36m304\u001b[0m 16.301 ms - -\u001b[0m","service":"smart-gym-api","timestamp":"2026-05-28T02:11:58.396Z"}
{"level":"warn","message":"[POST] /api/v1/subscriptions → 400 [VALIDATION_ERROR]: Cast to ObjectId failed for value \"standard\" (type string) at path \"plan\" because of \"BSONError\"; Start date is required; End date must be after start date","service":"smart-gym-api","timestamp":"2026-05-28T02:12:15.039Z","userId":"6a14e5c9b1f4d69d6548c6a0"}
{"level":"http","message":"\u001b[0mPOST /api/v1/subscriptions \u001b[33m400\u001b[0m 16.695 ms - 1683\u001b[0m","service":"smart-gym-api","timestamp":"2026-05-28T02:12:15.041Z"}
{"level":"warn","message":"SIGINT received — shutting down gracefully…","service":"smart-gym-api","timestamp":"2026-05-28T02:16:00.969Z"}
{"level":"info","message":"MongoDB connected: localhost","service":"smart-gym-api","timestamp":"2026-05-28T02:16:05.866Z"}
{"level":"info","message":"🚀  Smart Gym API running on port 5000 [development]","service":"smart-gym-api","timestamp":"2026-05-28T02:16:05.870Z"}
{"level":"http","message":"\u001b[0mGET /api/v1/subscriptions/plans \u001b[32m200\u001b[0m 3.759 ms - 436\u001b[0m","service":"smart-gym-api","timestamp":"2026-05-28T02:16:10.452Z"}
{"level":"http","message":"\u001b[0mGET /api/v1/subscriptions/plans \u001b[36m304\u001b[0m 0.549 ms - -\u001b[0m","service":"smart-gym-api","timestamp":"2026-05-28T02:16:13.845Z"}
{"level":"info","message":"User logged in: moustfamm120@gmail.com","service":"smart-gym-api","timestamp":"2026-05-28T02:16:26.193Z"}
{"level":"http","message":"\u001b[0mPOST /api/v1/auth/login \u001b[32m200\u001b[0m 464.312 ms - 395\u001b[0m","service":"smart-gym-api","timestamp":"2026-05-28T02:16:26.195Z"}
{"level":"http","message":"\u001b[0mGET /api/v1/users/profile \u001b[36m304\u001b[0m 24.756 ms - -\u001b[0m","service":"smart-gym-api","timestamp":"2026-05-28T02:16:26.273Z"}
{"level":"http","message":"\u001b[0mGET /api/v1/exercises \u001b[36m304\u001b[0m 22.605 ms - -\u001b[0m","service":"smart-gym-api","timestamp":"2026-05-28T02:16:26.279Z"}
{"level":"http","message":"\u001b[0mGET /api/v1/workout-plans \u001b[36m304\u001b[0m 25.743 ms - -\u001b[0m","service":"smart-gym-api","timestamp":"2026-05-28T02:16:26.291Z"}
{"level":"http","message":"\u001b[0mGET /api/v1/subscription/my \u001b[36m304\u001b[0m 25.248 ms - -\u001b[0m","service":"smart-gym-api","timestamp":"2026-05-28T02:16:26.292Z"}
{"level":"http","message":"\u001b[0mGET /api/v1/progress \u001b[36m304\u001b[0m 14.716 ms - -\u001b[0m","service":"smart-gym-api","timestamp":"2026-05-28T02:16:26.301Z"}
{"level":"http","message":"\u001b[0mGET /api/v1/attendance/my \u001b[36m304\u001b[0m 29.359 ms - -\u001b[0m","service":"smart-gym-api","timestamp":"2026-05-28T02:16:26.304Z"}
{"level":"http","message":"\u001b[0mGET /api/v1/payments/my \u001b[36m304\u001b[0m 24.928 ms - -\u001b[0m","service":"smart-gym-api","timestamp":"2026-05-28T02:16:26.306Z"}
{"level":"http","message":"\u001b[0mGET /api/v1/subscriptions/plans \u001b[36m304\u001b[0m 0.186 ms - -\u001b[0m","service":"smart-gym-api","timestamp":"2026-05-28T02:16:32.938Z"}
{"level":"warn","message":"[POST] /api/v1/subscriptions → 400 [VALIDATION_ERROR]: Cast to ObjectId failed for value \"standard\" (type string) at path \"plan\" because of \"BSONError\"; Start date is required; End date must be after start date","service":"smart-gym-api","timestamp":"2026-05-28T02:16:36.636Z","userId":"6a14e5c9b1f4d69d6548c6a0"}
{"level":"http","message":"\u001b[0mPOST /api/v1/subscriptions \u001b[33m400\u001b[0m 18.102 ms - 1683\u001b[0m","service":"smart-gym-api","timestamp":"2026-05-28T02:16:36.638Z"}
{"level":"http","message":"\u001b[0mGET /api/v1/subscriptions/plans \u001b[36m304\u001b[0m 0.298 ms - -\u001b[0m","service":"smart-gym-api","timestamp":"2026-05-28T02:18:26.847Z"}
{"level":"http","message":"\u001b[0mGET /api/v1/subscriptions/plans \u001b[36m304\u001b[0m 0.309 ms - -\u001b[0m","service":"smart-gym-api","timestamp":"2026-05-28T02:18:46.950Z"}
{"level":"http","message":"\u001b[0mGET /api/v1/subscriptions/plans \u001b[36m304\u001b[0m 0.289 ms - -\u001b[0m","service":"smart-gym-api","timestamp":"2026-05-28T02:18:51.209Z"}
{"level":"warn","message":"[POST] /api/v1/subscriptions → 400 [VALIDATION_ERROR]: Cast to ObjectId failed for value \"standard\" (type string) at path \"plan\" because of \"BSONError\"; Start date is required; End date must be after start date","service":"smart-gym-api","timestamp":"2026-05-28T02:18:54.844Z","userId":"6a14e5c9b1f4d69d6548c6a0"}
{"level":"http","message":"\u001b[0mPOST /api/v1/subscriptions \u001b[33m400\u001b[0m 13.027 ms - 1683\u001b[0m","service":"smart-gym-api","timestamp":"2026-05-28T02:18:54.845Z"}
{"level":"info","message":"MongoDB connected: localhost","service":"smart-gym-api","timestamp":"2026-05-28T17:05:03.179Z"}
{"level":"info","message":"🚀  Smart Gym API running on port 5000 [development]","service":"smart-gym-api","timestamp":"2026-05-28T17:05:03.183Z"}
{"level":"warn","message":"[POST] /api/v1/auth/register → 400 [INTERNAL_ERROR]: Expected property name or '}' in JSON at position 1 (line 1 column 2)","service":"smart-gym-api","timestamp":"2026-05-28T17:05:33.255Z","userId":"anon"}
{"level":"warn","message":"[POST] /api/v1/auth/register → 400 [INTERNAL_ERROR]: Expected property name or '}' in JSON at position 1 (line 1 column 2)","service":"smart-gym-api","timestamp":"2026-05-28T17:05:44.542Z","userId":"anon"}
{"level":"info","message":"New user registered: testuser+copilot@example.com (user)","service":"smart-gym-api","timestamp":"2026-05-28T17:05:56.245Z"}
{"level":"http","message":"\u001b[0mPOST /api/v1/auth/register \u001b[32m201\u001b[0m 310.859 ms - 402\u001b[0m","service":"smart-gym-api","timestamp":"2026-05-28T17:05:56.246Z"}
{"level":"http","message":"\u001b[0mGET /api/v1/users/profile \u001b[32m200\u001b[0m 14.550 ms - 404\u001b[0m","service":"smart-gym-api","timestamp":"2026-05-28T17:06:07.981Z"}
{"level":"http","message":"\u001b[0mGET /api/v1/subscriptions/my \u001b[32m200\u001b[0m 9.100 ms - 48\u001b[0m","service":"smart-gym-api","timestamp":"2026-05-28T17:06:08.002Z"}
{"level":"http","message":"\u001b[0mGET /api/v1/workout-plans \u001b[32m200\u001b[0m 31.106 ms - 86\u001b[0m","service":"smart-gym-api","timestamp":"2026-05-28T17:06:08.036Z"}
{"level":"http","message":"\u001b[0mGET /api/v1/attendance/my \u001b[32m200\u001b[0m 3.789 ms - 85\u001b[0m","service":"smart-gym-api","timestamp":"2026-05-28T17:06:08.042Z"}
{"level":"http","message":"\u001b[0mGET /api/v1/progress \u001b[32m200\u001b[0m 3.823 ms - 85\u001b[0m","service":"smart-gym-api","timestamp":"2026-05-28T17:06:08.047Z"}
{"level":"http","message":"\u001b[0mGET /api/v1/payments/my \u001b[32m200\u001b[0m 5.486 ms - 89\u001b[0m","service":"smart-gym-api","timestamp":"2026-05-28T17:06:08.055Z"}
{"level":"info","message":"MongoDB connected: localhost","service":"smart-gym-api","timestamp":"2026-05-28T17:11:19.704Z"}
{"level":"info","message":"🚀  Smart Gym API running on port 5000 [development]","service":"smart-gym-api","timestamp":"2026-05-28T17:11:19.709Z"}
{"level":"info","message":"User logged in: moustfamm120@gmail.com","service":"smart-gym-api","timestamp":"2026-05-28T17:12:04.316Z"}
{"level":"http","message":"\u001b[0mPOST /api/v1/auth/login \u001b[32m200\u001b[0m 424.234 ms - 395\u001b[0m","service":"smart-gym-api","timestamp":"2026-05-28T17:12:04.322Z"}
{"level":"http","message":"\u001b[0mGET /api/v1/users/profile \u001b[32m200\u001b[0m 12.051 ms - 404\u001b[0m","service":"smart-gym-api","timestamp":"2026-05-28T17:12:04.415Z"}
{"level":"http","message":"\u001b[0mGET /api/v1/exercises \u001b[36m304\u001b[0m 11.870 ms - -\u001b[0m","service":"smart-gym-api","timestamp":"2026-05-28T17:12:04.434Z"}
{"level":"http","message":"\u001b[0mGET /api/v1/workout-plans \u001b[32m200\u001b[0m 22.535 ms - 86\u001b[0m","service":"smart-gym-api","timestamp":"2026-05-28T17:12:04.448Z"}
{"level":"http","message":"\u001b[0mGET /api/v1/progress \u001b[32m200\u001b[0m 22.404 ms - 85\u001b[0m","service":"smart-gym-api","timestamp":"2026-05-28T17:12:04.449Z"}
{"level":"http","message":"\u001b[0mGET /api/v1/subscriptions/my \u001b[32m200\u001b[0m 23.182 ms - 48\u001b[0m","service":"smart-gym-api","timestamp":"2026-05-28T17:12:04.451Z"}
{"level":"http","message":"\u001b[0mGET /api/v1/attendance/my \u001b[32m200\u001b[0m 32.843 ms - 85\u001b[0m","service":"smart-gym-api","timestamp":"2026-05-28T17:12:04.462Z"}
{"level":"http","message":"\u001b[0mGET /api/v1/payments/my \u001b[32m200\u001b[0m 31.936 ms - 89\u001b[0m","service":"smart-gym-api","timestamp":"2026-05-28T17:12:04.463Z"}
{"level":"warn","message":"[POST] /api/v1/progress → 400 [VALIDATION_ERROR]: Exercise ID is required; sets is required","service":"smart-gym-api","timestamp":"2026-05-28T17:12:32.744Z","userId":"6a14e5c9b1f4d69d6548c6a0"}
{"level":"http","message":"\u001b[0mPOST /api/v1/progress \u001b[33m400\u001b[0m 5.312 ms - 1537\u001b[0m","service":"smart-gym-api","timestamp":"2026-05-28T17:12:32.745Z"}
{"level":"warn","message":"[POST] /api/v1/progress → 400 [VALIDATION_ERROR]: Exercise ID is required; sets is required","service":"smart-gym-api","timestamp":"2026-05-28T17:12:33.796Z","userId":"6a14e5c9b1f4d69d6548c6a0"}
{"level":"http","message":"\u001b[0mPOST /api/v1/progress \u001b[33m400\u001b[0m 3.910 ms - 1537\u001b[0m","service":"smart-gym-api","timestamp":"2026-05-28T17:12:33.797Z"}
{"level":"warn","message":"[POST] /api/v1/attendance/check-in → 400 [VALIDATION_ERROR]: Check-in time is required; Subscription is required","service":"smart-gym-api","timestamp":"2026-05-28T17:12:49.273Z","userId":"6a14e5c9b1f4d69d6548c6a0"}
{"level":"http","message":"\u001b[0mPOST /api/v1/attendance/check-in \u001b[33m400\u001b[0m 12.399 ms - 699\u001b[0m","service":"smart-gym-api","timestamp":"2026-05-28T17:12:49.275Z"}
{"level":"warn","message":"[POST] /api/v1/attendance/check-in → 400 [VALIDATION_ERROR]: Check-in time is required; Subscription is required","service":"smart-gym-api","timestamp":"2026-05-28T17:12:51.069Z","userId":"6a14e5c9b1f4d69d6548c6a0"}
{"level":"http","message":"\u001b[0mPOST /api/v1/attendance/check-in \u001b[33m400\u001b[0m 4.598 ms - 699\u001b[0m","service":"smart-gym-api","timestamp":"2026-05-28T17:12:51.069Z"}
{"level":"warn","message":"[POST] /api/v1/subscriptions → 400 [VALIDATION_ERROR]: Cast to ObjectId failed for value \"standard\" (type string) at path \"plan\" because of \"BSONError\"; Start date is required; End date must be after start date","service":"smart-gym-api","timestamp":"2026-05-28T17:13:02.445Z","userId":"6a14e5c9b1f4d69d6548c6a0"}
{"level":"http","message":"\u001b[0mPOST /api/v1/subscriptions \u001b[33m400\u001b[0m 18.790 ms - 1683\u001b[0m","service":"smart-gym-api","timestamp":"2026-05-28T17:13:02.446Z"}
{"level":"info","message":"MongoDB connected: localhost","service":"smart-gym-api","timestamp":"2026-05-29T18:53:22.893Z"}
{"level":"info","message":"🚀  Smart Gym API running on port 5000 [development]","service":"smart-gym-api","timestamp":"2026-05-29T18:53:22.899Z"}
{"level":"info","message":"New user registered: testuser@example.com (user)","service":"smart-gym-api","timestamp":"2026-05-29T18:53:59.600Z"}
{"level":"http","message":"\u001b[0mPOST /api/v1/auth/register \u001b[32m201\u001b[0m 359.657 ms - 394\u001b[0m","service":"smart-gym-api","timestamp":"2026-05-29T18:53:59.605Z"}
{"level":"info","message":"User logged in: testuser@example.com","service":"smart-gym-api","timestamp":"2026-05-29T18:53:59.921Z"}
{"level":"http","message":"\u001b[0mPOST /api/v1/auth/login \u001b[32m200\u001b[0m 274.584 ms - 387\u001b[0m","service":"smart-gym-api","timestamp":"2026-05-29T18:53:59.923Z"}
{"level":"warn","message":"[GET] /api/v1/users/profile → 401 [TOKEN_INVALID]: Invalid token. Please log in again.","service":"smart-gym-api","timestamp":"2026-05-29T18:54:13.440Z","userId":"anon"}
{"level":"http","message":"\u001b[0mGET /api/v1/users/profile \u001b[33m401\u001b[0m 2.316 ms - 1482\u001b[0m","service":"smart-gym-api","timestamp":"2026-05-29T18:54:13.441Z"}
{"level":"warn","message":"[GET] /api/v1/subscriptions/my → 401 [TOKEN_INVALID]: Invalid token. Please log in again.","service":"smart-gym-api","timestamp":"2026-05-29T18:54:13.638Z","userId":"anon"}
{"level":"http","message":"\u001b[0mGET /api/v1/subscriptions/my \u001b[33m401\u001b[0m 1.005 ms - 1482\u001b[0m","service":"smart-gym-api","timestamp":"2026-05-29T18:54:13.639Z"}
{"level":"warn","message":"[GET] /api/v1/workout-plans → 401 [TOKEN_INVALID]: Invalid token. Please log in again.","service":"smart-gym-api","timestamp":"2026-05-29T18:54:13.644Z","userId":"anon"}
{"level":"http","message":"\u001b[0mGET /api/v1/workout-plans \u001b[33m401\u001b[0m 0.681 ms - 1482\u001b[0m","service":"smart-gym-api","timestamp":"2026-05-29T18:54:13.644Z"}
{"level":"warn","message":"[GET] /api/v1/attendance/my → 401 [TOKEN_INVALID]: Invalid token. Please log in again.","service":"smart-gym-api","timestamp":"2026-05-29T18:54:13.649Z","userId":"anon"}
{"level":"http","message":"\u001b[0mGET /api/v1/attendance/my \u001b[33m401\u001b[0m 0.927 ms - 1482\u001b[0m","service":"smart-gym-api","timestamp":"2026-05-29T18:54:13.650Z"}
{"level":"warn","message":"[GET] /api/v1/progress → 401 [TOKEN_INVALID]: Invalid token. Please log in again.","service":"smart-gym-api","timestamp":"2026-05-29T18:54:13.655Z","userId":"anon"}
{"level":"http","message":"\u001b[0mGET /api/v1/progress \u001b[33m401\u001b[0m 0.776 ms - 1482\u001b[0m","service":"smart-gym-api","timestamp":"2026-05-29T18:54:13.656Z"}
{"level":"warn","message":"[GET] /api/v1/payments/my → 401 [TOKEN_INVALID]: Invalid token. Please log in again.","service":"smart-gym-api","timestamp":"2026-05-29T18:54:13.660Z","userId":"anon"}
{"level":"http","message":"\u001b[0mGET /api/v1/payments/my \u001b[33m401\u001b[0m 0.667 ms - 1482\u001b[0m","service":"smart-gym-api","timestamp":"2026-05-29T18:54:13.661Z"}
{"level":"http","message":"\u001b[0mGET /api/v1/exercises \u001b[32m200\u001b[0m 39.987 ms - 90\u001b[0m","service":"smart-gym-api","timestamp":"2026-05-29T18:54:13.705Z"}
{"level":"http","message":"\u001b[0mGET /api/v1/users/profile \u001b[32m200\u001b[0m 11.209 ms - 396\u001b[0m","service":"smart-gym-api","timestamp":"2026-05-29T18:54:28.061Z"}
{"level":"http","message":"\u001b[0mGET /api/v1/subscriptions/my \u001b[32m200\u001b[0m 6.388 ms - 48\u001b[0m","service":"smart-gym-api","timestamp":"2026-05-29T18:54:28.107Z"}
{"level":"http","message":"\u001b[0mGET /api/v1/workout-plans \u001b[32m200\u001b[0m 6.151 ms - 53\u001b[0m","service":"smart-gym-api","timestamp":"2026-05-29T18:54:40.405Z"}
{"level":"info","message":"MongoDB connected: localhost","service":"smart-gym-api","timestamp":"2026-05-29T18:55:17.282Z"}
{"level":"info","message":"🚀  Smart Gym API running on port 5000 [development]","service":"smart-gym-api","timestamp":"2026-05-29T18:55:17.288Z"}
{"level":"http","message":"\u001b[0mGET /api/v1/workout-plans \u001b[32m200\u001b[0m 15.646 ms - 92\u001b[0m","service":"smart-gym-api","timestamp":"2026-05-29T18:55:37.732Z"}
{"level":"http","message":"\u001b[0mGET /api/v1/progress \u001b[32m200\u001b[0m 12.037 ms - 95\u001b[0m","service":"smart-gym-api","timestamp":"2026-05-29T18:55:37.788Z"}
{"level":"http","message":"\u001b[0mGET /api/v1/attendance/my \u001b[32m200\u001b[0m 4.762 ms - 94\u001b[0m","service":"smart-gym-api","timestamp":"2026-05-29T18:55:37.815Z"}
{"level":"http","message":"\u001b[0mGET /api/v1/payments/my \u001b[32m200\u001b[0m 6.166 ms - 92\u001b[0m","service":"smart-gym-api","timestamp":"2026-05-29T18:55:37.847Z"}
{"level":"warn","message":"[POST] /api/v1/subscriptions → 400 [INTERNAL_ERROR]: Expected property name or '}' in JSON at position 1 (line 1 column 2)","service":"smart-gym-api","timestamp":"2026-05-29T18:56:01.030Z","userId":"anon"}
{"level":"http","message":"\u001b[0mGET /api/v1/subscriptions/my \u001b[32m200\u001b[0m 3.280 ms - 48\u001b[0m","service":"smart-gym-api","timestamp":"2026-05-29T18:56:01.062Z"}
{"level":"warn","message":"[POST] /api/v1/progress → 400 [INTERNAL_ERROR]: Expected property name or '}' in JSON at position 1 (line 1 column 2)","service":"smart-gym-api","timestamp":"2026-05-29T18:56:01.091Z","userId":"anon"}
{"errorCode":"INTERNAL_ERROR","level":"error","message":"Subscription.findOne is not a function","service":"smart-gym-api","stack":"TypeError: Subscription.findOne is not a function\n    at Object.checkIn (D:\\GYM_Complete\\GYM_Fixed_Complete\\GYM_CLEAN\\GYM\\backend\\src\\modules\\attendance\\service\\attendance.service.js:9:49)\n    at D:\\GYM_Complete\\GYM_Fixed_Complete\\GYM_CLEAN\\GYM\\backend\\src\\modules\\attendance\\controller\\attendance.controller.js:7:39\n    at D:\\GYM_Complete\\GYM_Fixed_Complete\\GYM_CLEAN\\GYM\\backend\\src\\utils\\catchAsync.js:5:19\n    at Layer.handle [as handle_request] (D:\\GYM_Complete\\GYM_Fixed_Complete\\GYM_CLEAN\\GYM\\backend\\node_modules\\express\\lib\\router\\layer.js:95:5)\n    at next (D:\\GYM_Complete\\GYM_Fixed_Complete\\GYM_CLEAN\\GYM\\backend\\node_modules\\express\\lib\\router\\route.js:149:13)\n    at D:\\GYM_Complete\\GYM_Fixed_Complete\\GYM_CLEAN\\GYM\\backend\\src\\middlewares\\validate.middleware.js:41:5\n    at Layer.handle [as handle_request] (D:\\GYM_Complete\\GYM_Fixed_Complete\\GYM_CLEAN\\GYM\\backend\\node_modules\\express\\lib\\router\\layer.js:95:5)\n    at next (D:\\GYM_Complete\\GYM_Fixed_Complete\\GYM_CLEAN\\GYM\\backend\\node_modules\\express\\lib\\router\\route.js:149:13)\n    at Route.dispatch (D:\\GYM_Complete\\GYM_Fixed_Complete\\GYM_CLEAN\\GYM\\backend\\node_modules\\express\\lib\\router\\route.js:119:3)\n    at Layer.handle [as handle_request] (D:\\GYM_Complete\\GYM_Fixed_Complete\\GYM_CLEAN\\GYM\\backend\\node_modules\\express\\lib\\router\\layer.js:95:5)","timestamp":"2026-05-29T18:56:01.118Z","userId":"6a19e0c700db330ecef0a907"}
{"level":"http","message":"\u001b[0mPOST /api/v1/attendance/check-in \u001b[31m500\u001b[0m 4.744 ms - 1532\u001b[0m","service":"smart-gym-api","timestamp":"2026-05-29T18:56:01.119Z"}
{"level":"info","message":"MongoDB connected: localhost","service":"smart-gym-api","timestamp":"2026-05-29T18:56:47.182Z"}
{"level":"info","message":"🚀  Smart Gym API running on port 5000 [development]","service":"smart-gym-api","timestamp":"2026-05-29T18:56:47.190Z"}
{"level":"info","message":"Subscription created: 6a19e182dcf3186efc082cd2 (standard, 1 month(s))","service":"smart-gym-api","timestamp":"2026-05-29T18:57:06.140Z"}
{"level":"http","message":"\u001b[0mPOST /api/v1/subscriptions \u001b[32m201\u001b[0m 30.474 ms - 552\u001b[0m","service":"smart-gym-api","timestamp":"2026-05-29T18:57:06.143Z"}
{"level":"http","message":"\u001b[0mGET /api/v1/subscriptions/my \u001b[32m200\u001b[0m 5.096 ms - 48\u001b[0m","service":"smart-gym-api","timestamp":"2026-05-29T18:57:06.155Z"}
{"level":"info","message":"Workout log created: user 6a19e0c700db330ecef0a907, date Fri May 29 2026 21:57:06 GMT+0300 (Eastern European Summer Time)","service":"smart-gym-api","timestamp":"2026-05-29T18:57:06.165Z"}
{"level":"http","message":"\u001b[0mPOST /api/v1/progress \u001b[32m201\u001b[0m 8.810 ms - 374\u001b[0m","service":"smart-gym-api","timestamp":"2026-05-29T18:57:06.166Z"}
{"level":"warn","message":"[POST] /api/v1/attendance/check-in → 400 [INTERNAL_ERROR]: Active subscription is required before checking in.","service":"smart-gym-api","timestamp":"2026-05-29T18:57:06.172Z","userId":"6a19e0c700db330ecef0a907"}
{"level":"http","message":"\u001b[0mPOST /api/v1/attendance/check-in \u001b[33m400\u001b[0m 4.730 ms - 562\u001b[0m","service":"smart-gym-api","timestamp":"2026-05-29T18:57:06.173Z"}
{"level":"info","message":"Check-in: user 6a19e0c700db330ecef0a907 at Fri May 29 2026 21:57:50 GMT+0300 (Eastern European Summer Time)","service":"smart-gym-api","timestamp":"2026-05-29T18:57:50.306Z"}
{"level":"http","message":"\u001b[0mPOST /api/v1/attendance/check-in \u001b[32m201\u001b[0m 8.556 ms - 345\u001b[0m","service":"smart-gym-api","timestamp":"2026-05-29T18:57:50.307Z"}
{"level":"http","message":"\u001b[0mGET /api/v1/subscriptions/my \u001b[32m200\u001b[0m 5.080 ms - 518\u001b[0m","service":"smart-gym-api","timestamp":"2026-05-29T18:58:02.436Z"}
{"level":"http","message":"\u001b[0mGET /api/v1/attendance/my \u001b[32m200\u001b[0m 7.812 ms - 378\u001b[0m","service":"smart-gym-api","timestamp":"2026-05-29T18:58:02.446Z"}
{"level":"http","message":"\u001b[0mGET /api/v1/progress \u001b[32m200\u001b[0m 11.457 ms - 386\u001b[0m","service":"smart-gym-api","timestamp":"2026-05-29T18:58:02.461Z"}
{"level":"http","message":"\u001b[0mGET /api/v1/workout-plans \u001b[32m200\u001b[0m 3.608 ms - 92\u001b[0m","service":"smart-gym-api","timestamp":"2026-05-29T18:58:02.468Z"}
{"level":"http","message":"\u001b[0mGET /api/v1/payments/my \u001b[32m200\u001b[0m 4.991 ms - 92\u001b[0m","service":"smart-gym-api","timestamp":"2026-05-29T18:58:02.476Z"}
{"level":"info","message":"MongoDB connected: localhost","service":"smart-gym-api","timestamp":"2026-05-29T18:59:03.583Z"}
{"level":"info","message":"🚀  Smart Gym API running on port 5000 [development]","service":"smart-gym-api","timestamp":"2026-05-29T18:59:03.587Z"}
{"level":"http","message":"\u001b[0mGET /api/v1/workout-plans \u001b[32m200\u001b[0m 17.102 ms - 92\u001b[0m","service":"smart-gym-api","timestamp":"2026-05-29T18:59:47.525Z"}
{"level":"http","message":"\u001b[0mGET /api/v1/workout-plans \u001b[32m200\u001b[0m 11.230 ms - 1061\u001b[0m","service":"smart-gym-api","timestamp":"2026-05-29T19:00:19.901Z"}
{"level":"info","message":"MongoDB connected: localhost","service":"smart-gym-api","timestamp":"2026-05-29T19:31:51.850Z"}
{"level":"info","message":"🚀  Smart Gym API running on port 5000 [development]","service":"smart-gym-api","timestamp":"2026-05-29T19:31:51.856Z"}
{"level":"warn","message":"[POST] /api/v1/subscriptions → 401 [TOKEN_EXPIRED]: Your session has expired. Please log in again.","service":"smart-gym-api","timestamp":"2026-05-29T19:47:17.828Z","userId":"anon"}
{"level":"http","message":"\u001b[0mPOST /api/v1/subscriptions \u001b[33m401\u001b[0m 19.465 ms - 1174\u001b[0m","service":"smart-gym-api","timestamp":"2026-05-29T19:47:17.836Z"}
{"level":"info","message":"MongoDB connected: localhost","service":"smart-gym-api","timestamp":"2026-05-29T20:33:54.943Z"}
{"level":"info","message":"🚀  Smart Gym API running on port 5000 [development]","service":"smart-gym-api","timestamp":"2026-05-29T20:33:54.961Z"}
{"level":"info","message":"MongoDB connected: localhost","service":"smart-gym-api","timestamp":"2026-05-29T21:00:30.598Z"}
{"level":"info","message":"🚀  Smart Gym API running on port 5000 [development]","service":"smart-gym-api","timestamp":"2026-05-29T21:00:30.611Z"}
{"level":"info","message":"MongoDB connected: localhost","service":"smart-gym-api","timestamp":"2026-05-29T21:12:11.910Z"}
{"level":"info","message":"🚀  Smart Gym API running on port 5000 [development]","service":"smart-gym-api","timestamp":"2026-05-29T21:12:11.918Z"}
{"level":"info","message":"MongoDB connected: localhost","service":"smart-gym-api","timestamp":"2026-05-29T21:53:03.793Z"}
{"level":"info","message":"🚀  Smart Gym API running on port 5000 [development]","service":"smart-gym-api","timestamp":"2026-05-29T21:53:03.828Z"}
{"level":"info","message":"MongoDB connected: localhost","service":"smart-gym-api","timestamp":"2026-05-29T22:09:02.197Z"}
{"level":"info","message":"🚀  Smart Gym API running on port 5000 [development]","service":"smart-gym-api","timestamp":"2026-05-29T22:09:02.203Z"}
{"level":"warn","message":"[POST] /api/v1/auth/register → 400 [VALIDATION_ERROR]: Full name can only contain letters and spaces","service":"smart-gym-api","timestamp":"2026-05-29T22:17:19.310Z","userId":"anon"}
{"level":"http","message":"\u001b[0mPOST /api/v1/auth/register \u001b[33m400\u001b[0m 15.500 ms - 1393\u001b[0m","service":"smart-gym-api","timestamp":"2026-05-29T22:17:19.318Z"}
{"level":"warn","message":"[POST] /api/v1/auth/login → 401 [INTERNAL_ERROR]: Invalid email or password.","service":"smart-gym-api","timestamp":"2026-05-29T22:19:06.310Z","userId":"anon"}
{"level":"http","message":"\u001b[0mPOST /api/v1/auth/login \u001b[33m401\u001b[0m 71.088 ms - 439\u001b[0m","service":"smart-gym-api","timestamp":"2026-05-29T22:19:06.313Z"}
{"level":"warn","message":"[POST] /api/v1/auth/login → 401 [INTERNAL_ERROR]: Invalid email or password.","service":"smart-gym-api","timestamp":"2026-05-29T22:21:24.342Z","userId":"anon"}
{"level":"http","message":"\u001b[0mPOST /api/v1/auth/login \u001b[33m401\u001b[0m 10.287 ms - 439\u001b[0m","service":"smart-gym-api","timestamp":"2026-05-29T22:21:24.347Z"}
{"level":"info","message":"MongoDB connected: localhost","service":"smart-gym-api","timestamp":"2026-05-30T19:13:54.341Z"}
{"level":"info","message":"🚀  Smart Gym API running on port 5000 [development]","service":"smart-gym-api","timestamp":"2026-05-30T19:13:54.363Z"}
{"level":"info","message":"New user registered: kkk33@gmail.com (user)","service":"smart-gym-api","timestamp":"2026-05-30T19:29:25.735Z"}
{"level":"http","message":"\u001b[0mPOST /api/v1/auth/register \u001b[32m201\u001b[0m 1079.893 ms - 383\u001b[0m","service":"smart-gym-api","timestamp":"2026-05-30T19:29:25.748Z"}
{"level":"http","message":"\u001b[0mGET /api/v1/users/profile \u001b[32m200\u001b[0m 110.496 ms - 387\u001b[0m","service":"smart-gym-api","timestamp":"2026-05-30T19:29:26.001Z"}
{"level":"http","message":"\u001b[0mGET /api/v1/exercises \u001b[32m200\u001b[0m 103.653 ms - 413\u001b[0m","service":"smart-gym-api","timestamp":"2026-05-30T19:29:26.005Z"}
{"level":"http","message":"\u001b[0mGET /api/v1/workout-plans \u001b[32m200\u001b[0m 138.853 ms - 92\u001b[0m","service":"smart-gym-api","timestamp":"2026-05-30T19:29:26.055Z"}
{"level":"http","message":"\u001b[0mGET /api/v1/subscriptions/my \u001b[32m200\u001b[0m 217.065 ms - 48\u001b[0m","service":"smart-gym-api","timestamp":"2026-05-30T19:29:26.139Z"}
{"level":"http","message":"\u001b[0mGET /api/v1/attendance/my \u001b[32m200\u001b[0m 271.996 ms - 94\u001b[0m","service":"smart-gym-api","timestamp":"2026-05-30T19:29:26.201Z"}
{"level":"http","message":"\u001b[0mGET /api/v1/progress/workout \u001b[32m200\u001b[0m 193.230 ms - 95\u001b[0m","service":"smart-gym-api","timestamp":"2026-05-30T19:29:26.214Z"}
{"level":"http","message":"\u001b[0mGET /api/v1/progress/body \u001b[32m200\u001b[0m 290.555 ms - 96\u001b[0m","service":"smart-gym-api","timestamp":"2026-05-30T19:29:26.226Z"}
{"level":"http","message":"\u001b[0mGET /api/v1/payments/my \u001b[32m200\u001b[0m 200.118 ms - 92\u001b[0m","service":"smart-gym-api","timestamp":"2026-05-30T19:29:26.236Z"}
{"level":"info","message":"User profile updated: 6a1b3a942d923c052b6c6c34","service":"smart-gym-api","timestamp":"2026-05-30T19:30:18.699Z"}
{"level":"http","message":"\u001b[0mPATCH /api/v1/users/profile \u001b[32m200\u001b[0m 43.953 ms - 565\u001b[0m","service":"smart-gym-api","timestamp":"2026-05-30T19:30:18.701Z"}
{"level":"info","message":"User profile updated: 6a1b3a942d923c052b6c6c34","service":"smart-gym-api","timestamp":"2026-05-30T19:30:20.593Z"}
{"level":"http","message":"\u001b[0mPATCH /api/v1/users/profile \u001b[32m200\u001b[0m 26.567 ms - 565\u001b[0m","service":"smart-gym-api","timestamp":"2026-05-30T19:30:20.596Z"}
{"level":"info","message":"Subscription created: 6a1b3afa2d923c052b6c6c51 (standard, 1 month(s))","service":"smart-gym-api","timestamp":"2026-05-30T19:31:06.277Z"}
{"level":"http","message":"\u001b[0mPOST /api/v1/subscriptions \u001b[32m201\u001b[0m 89.496 ms - 552\u001b[0m","service":"smart-gym-api","timestamp":"2026-05-30T19:31:06.279Z"}
{"level":"info","message":"Initiating Paymob payment for user 6a1b3a942d923c052b6c6c34, subscription 6a1b3afa2d923c052b6c6c51","service":"smart-gym-api","timestamp":"2026-05-30T19:31:06.294Z"}
{"errorCode":"INTERNAL_ERROR","level":"error","message":"Cannot read properties of undefined (reading 'split')","service":"smart-gym-api","stack":"TypeError: Cannot read properties of undefined (reading 'split')\n    at Object.initiatePayment (D:\\Field traineng\\GYM\\GYM\\backend\\src\\modules\\payment\\service\\payment.service.js:48:32)\n    at process.processTicksAndRejections (node:internal/process/task_queues:105:5)\n    at async D:\\Field traineng\\GYM\\GYM\\backend\\src\\modules\\payment\\controller\\payment.controller.js:9:18","timestamp":"2026-05-30T19:31:07.886Z","userId":"6a1b3a942d923c052b6c6c34"}
{"level":"http","message":"\u001b[0mPOST /api/v1/payments/initiate \u001b[31m500\u001b[0m 1603.269 ms - 515\u001b[0m","service":"smart-gym-api","timestamp":"2026-05-30T19:31:07.888Z"}
{"level":"http","message":"\u001b[0mGET /api/v1/exercises \u001b[36m304\u001b[0m 27.938 ms - -\u001b[0m","service":"smart-gym-api","timestamp":"2026-05-30T19:31:23.552Z"}
{"level":"http","message":"\u001b[0mGET /api/v1/users/profile \u001b[32m200\u001b[0m 46.626 ms - 387\u001b[0m","service":"smart-gym-api","timestamp":"2026-05-30T19:31:23.565Z"}
{"level":"http","message":"\u001b[0mGET /api/v1/workout-plans \u001b[36m304\u001b[0m 54.438 ms - -\u001b[0m","service":"smart-gym-api","timestamp":"2026-05-30T19:31:23.584Z"}
{"level":"http","message":"\u001b[0mGET /api/v1/subscriptions/my \u001b[36m304\u001b[0m 57.399 ms - -\u001b[0m","service":"smart-gym-api","timestamp":"2026-05-30T19:31:23.590Z"}
{"level":"http","message":"\u001b[0mGET /api/v1/attendance/my \u001b[36m304\u001b[0m 52.169 ms - -\u001b[0m","service":"smart-gym-api","timestamp":"2026-05-30T19:31:23.597Z"}
{"level":"http","message":"\u001b[0mGET /api/v1/progress/body \u001b[36m304\u001b[0m 52.336 ms - -\u001b[0m","service":"smart-gym-api","timestamp":"2026-05-30T19:31:23.600Z"}
{"level":"http","message":"\u001b[0mGET /api/v1/progress/workout \u001b[36m304\u001b[0m 33.697 ms - -\u001b[0m","service":"smart-gym-api","timestamp":"2026-05-30T19:31:23.614Z"}
{"level":"http","message":"\u001b[0mGET /api/v1/payments/my \u001b[36m304\u001b[0m 23.572 ms - -\u001b[0m","service":"smart-gym-api","timestamp":"2026-05-30T19:31:23.617Z"}
{"level":"http","message":"\u001b[0mGET /api/v1/exercises \u001b[36m304\u001b[0m 21.326 ms - -\u001b[0m","service":"smart-gym-api","timestamp":"2026-05-30T19:39:02.305Z"}
{"level":"http","message":"\u001b[0mGET /api/v1/users/profile \u001b[36m304\u001b[0m 32.981 ms - -\u001b[0m","service":"smart-gym-api","timestamp":"2026-05-30T19:39:02.313Z"}
{"level":"http","message":"\u001b[0mGET /api/v1/workout-plans \u001b[36m304\u001b[0m 53.607 ms - -\u001b[0m","service":"smart-gym-api","timestamp":"2026-05-30T19:39:02.349Z"}
{"level":"http","message":"\u001b[0mGET /api/v1/subscriptions/my \u001b[36m304\u001b[0m 50.200 ms - -\u001b[0m","service":"smart-gym-api","timestamp":"2026-05-30T19:39:02.380Z"}
{"level":"http","message":"\u001b[0mGET /api/v1/attendance/my \u001b[36m304\u001b[0m 95.320 ms - -\u001b[0m","service":"smart-gym-api","timestamp":"2026-05-30T19:39:02.436Z"}
{"level":"http","message":"\u001b[0mGET /api/v1/progress/body \u001b[36m304\u001b[0m 101.983 ms - -\u001b[0m","service":"smart-gym-api","timestamp":"2026-05-30T19:39:02.457Z"}
{"level":"http","message":"\u001b[0mGET /api/v1/progress/workout \u001b[36m304\u001b[0m 108.912 ms - -\u001b[0m","service":"smart-gym-api","timestamp":"2026-05-30T19:39:02.466Z"}
{"level":"http","message":"\u001b[0mGET /api/v1/payments/my \u001b[36m304\u001b[0m 107.193 ms - -\u001b[0m","service":"smart-gym-api","timestamp":"2026-05-30T19:39:02.468Z"}
{"level":"http","message":"\u001b[0mGET /api/v1/users/profile \u001b[36m304\u001b[0m 14.927 ms - -\u001b[0m","service":"smart-gym-api","timestamp":"2026-05-30T19:39:27.512Z"}
{"level":"http","message":"\u001b[0mGET /api/v1/exercises \u001b[36m304\u001b[0m 18.617 ms - -\u001b[0m","service":"smart-gym-api","timestamp":"2026-05-30T19:39:27.525Z"}
{"level":"http","message":"\u001b[0mGET /api/v1/workout-plans \u001b[36m304\u001b[0m 53.550 ms - -\u001b[0m","service":"smart-gym-api","timestamp":"2026-05-30T19:39:27.580Z"}
{"level":"http","message":"\u001b[0mGET /api/v1/subscriptions/my \u001b[36m304\u001b[0m 57.881 ms - -\u001b[0m","service":"smart-gym-api","timestamp":"2026-05-30T19:39:27.595Z"}
{"level":"http","message":"\u001b[0mGET /api/v1/attendance/my \u001b[36m304\u001b[0m 57.707 ms - -\u001b[0m","service":"smart-gym-api","timestamp":"2026-05-30T19:39:27.600Z"}
{"level":"http","message":"\u001b[0mGET /api/v1/progress/body \u001b[36m304\u001b[0m 62.686 ms - -\u001b[0m","service":"smart-gym-api","timestamp":"2026-05-30T19:39:27.608Z"}
{"level":"http","message":"\u001b[0mGET /api/v1/progress/workout \u001b[36m304\u001b[0m 56.485 ms - -\u001b[0m","service":"smart-gym-api","timestamp":"2026-05-30T19:39:27.613Z"}
{"level":"http","message":"\u001b[0mGET /api/v1/payments/my \u001b[36m304\u001b[0m 60.861 ms - -\u001b[0m","service":"smart-gym-api","timestamp":"2026-05-30T19:39:27.621Z"}
{"level":"http","message":"\u001b[0mGET /api/v1/users/profile \u001b[36m304\u001b[0m 19.237 ms - -\u001b[0m","service":"smart-gym-api","timestamp":"2026-05-30T19:40:29.817Z"}
{"level":"http","message":"\u001b[0mGET /api/v1/exercises \u001b[36m304\u001b[0m 23.073 ms - -\u001b[0m","service":"smart-gym-api","timestamp":"2026-05-30T19:40:29.830Z"}
{"level":"http","message":"\u001b[0mGET /api/v1/workout-plans \u001b[36m304\u001b[0m 44.662 ms - -\u001b[0m","service":"smart-gym-api","timestamp":"2026-05-30T19:40:29.864Z"}
{"level":"http","message":"\u001b[0mGET /api/v1/subscriptions/my \u001b[36m304\u001b[0m 102.128 ms - -\u001b[0m","service":"smart-gym-api","timestamp":"2026-05-30T19:40:29.942Z"}
{"level":"http","message":"\u001b[0mGET /api/v1/attendance/my \u001b[36m304\u001b[0m 96.840 ms - -\u001b[0m","service":"smart-gym-api","timestamp":"2026-05-30T19:40:29.948Z"}
{"level":"http","message":"\u001b[0mGET /api/v1/progress/body \u001b[36m304\u001b[0m 29.779 ms - -\u001b[0m","service":"smart-gym-api","timestamp":"2026-05-30T19:40:29.961Z"}
{"level":"http","message":"\u001b[0mGET /api/v1/progress/workout \u001b[36m304\u001b[0m 29.213 ms - -\u001b[0m","service":"smart-gym-api","timestamp":"2026-05-30T19:40:29.964Z"}
{"level":"http","message":"\u001b[0mGET /api/v1/payments/my \u001b[36m304\u001b[0m 29.136 ms - -\u001b[0m","service":"smart-gym-api","timestamp":"2026-05-30T19:40:29.967Z"}
{"level":"info","message":"Body measurement created: user 6a1b3a942d923c052b6c6c34, date Sat May 30 2026 22:42:44 GMT+0300 (توقيت شرق أوروبا الصيفي)","service":"smart-gym-api","timestamp":"2026-05-30T19:42:44.723Z"}
{"level":"http","message":"\u001b[0mPOST /api/v1/progress/body \u001b[32m201\u001b[0m 23.137 ms - 344\u001b[0m","service":"smart-gym-api","timestamp":"2026-05-30T19:42:44.726Z"}
{"level":"warn","message":"[GET] /api/v1/users/profile → 401 [TOKEN_EXPIRED]: Your session has expired. Please log in again.","service":"smart-gym-api","timestamp":"2026-05-30T19:44:26.285Z","userId":"anon"}
{"level":"http","message":"\u001b[0mGET /api/v1/users/profile \u001b[33m401\u001b[0m 3.891 ms - 1268\u001b[0m","service":"smart-gym-api","timestamp":"2026-05-30T19:44:26.288Z"}
{"level":"warn","message":"[GET] /api/v1/workout-plans → 401 [TOKEN_EXPIRED]: Your session has expired. Please log in again.","service":"smart-gym-api","timestamp":"2026-05-30T19:44:26.296Z","userId":"anon"}
{"level":"http","message":"\u001b[0mGET /api/v1/workout-plans \u001b[33m401\u001b[0m 2.317 ms - 1268\u001b[0m","service":"smart-gym-api","timestamp":"2026-05-30T19:44:26.298Z"}
{"level":"warn","message":"[GET] /api/v1/subscriptions/my → 401 [TOKEN_EXPIRED]: Your session has expired. Please log in again.","service":"smart-gym-api","timestamp":"2026-05-30T19:44:26.301Z","userId":"anon"}
{"level":"http","message":"\u001b[0mGET /api/v1/subscriptions/my \u001b[33m401\u001b[0m 2.153 ms - 1268\u001b[0m","service":"smart-gym-api","timestamp":"2026-05-30T19:44:26.302Z"}
{"level":"warn","message":"[GET] /api/v1/progress/body → 401 [TOKEN_EXPIRED]: Your session has expired. Please log in again.","service":"smart-gym-api","timestamp":"2026-05-30T19:44:26.306Z","userId":"anon"}
{"level":"http","message":"\u001b[0mGET /api/v1/progress/body \u001b[33m401\u001b[0m 2.208 ms - 1268\u001b[0m","service":"smart-gym-api","timestamp":"2026-05-30T19:44:26.308Z"}
{"level":"warn","message":"[GET] /api/v1/attendance/my → 401 [TOKEN_EXPIRED]: Your session has expired. Please log in again.","service":"smart-gym-api","timestamp":"2026-05-30T19:44:26.313Z","userId":"anon"}
{"level":"http","message":"\u001b[0mGET /api/v1/attendance/my \u001b[33m401\u001b[0m 2.375 ms - 1268\u001b[0m","service":"smart-gym-api","timestamp":"2026-05-30T19:44:26.315Z"}
{"level":"warn","message":"[GET] /api/v1/progress/workout → 401 [TOKEN_EXPIRED]: Your session has expired. Please log in again.","service":"smart-gym-api","timestamp":"2026-05-30T19:44:26.318Z","userId":"anon"}
{"level":"http","message":"\u001b[0mGET /api/v1/progress/workout \u001b[33m401\u001b[0m 2.399 ms - 1268\u001b[0m","service":"smart-gym-api","timestamp":"2026-05-30T19:44:26.321Z"}
{"level":"http","message":"\u001b[0mGET /api/v1/exercises \u001b[36m304\u001b[0m 36.230 ms - -\u001b[0m","service":"smart-gym-api","timestamp":"2026-05-30T19:44:26.327Z"}
{"level":"warn","message":"[GET] /api/v1/payments/my → 401 [TOKEN_EXPIRED]: Your session has expired. Please log in again.","service":"smart-gym-api","timestamp":"2026-05-30T19:44:26.330Z","userId":"anon"}
{"level":"http","message":"\u001b[0mGET /api/v1/payments/my \u001b[33m401\u001b[0m 1.904 ms - 1268\u001b[0m","service":"smart-gym-api","timestamp":"2026-05-30T19:44:26.331Z"}
{"level":"warn","message":"[GET] /api/v1/users/profile → 401 [TOKEN_EXPIRED]: Your session has expired. Please log in again.","service":"smart-gym-api","timestamp":"2026-05-30T19:45:42.916Z","userId":"anon"}
{"level":"http","message":"\u001b[0mGET /api/v1/users/profile \u001b[33m401\u001b[0m 3.033 ms - 1268\u001b[0m","service":"smart-gym-api","timestamp":"2026-05-30T19:45:42.918Z"}
{"level":"warn","message":"[GET] /api/v1/workout-plans → 401 [TOKEN_EXPIRED]: Your session has expired. Please log in again.","service":"smart-gym-api","timestamp":"2026-05-30T19:45:42.926Z","userId":"anon"}
{"level":"http","message":"\u001b[0mGET /api/v1/workout-plans \u001b[33m401\u001b[0m 2.050 ms - 1268\u001b[0m","service":"smart-gym-api","timestamp":"2026-05-30T19:45:42.928Z"}
{"level":"warn","message":"[GET] /api/v1/subscriptions/my → 401 [TOKEN_EXPIRED]: Your session has expired. Please log in again.","service":"smart-gym-api","timestamp":"2026-05-30T19:45:42.933Z","userId":"anon"}
{"level":"http","message":"\u001b[0mGET /api/v1/subscriptions/my \u001b[33m401\u001b[0m 4.766 ms - 1268\u001b[0m","service":"smart-gym-api","timestamp":"2026-05-30T19:45:42.936Z"}
{"level":"warn","message":"[GET] /api/v1/progress/body → 401 [TOKEN_EXPIRED]: Your session has expired. Please log in again.","service":"smart-gym-api","timestamp":"2026-05-30T19:45:42.940Z","userId":"anon"}
{"level":"http","message":"\u001b[0mGET /api/v1/progress/body \u001b[33m401\u001b[0m 1.706 ms - 1268\u001b[0m","service":"smart-gym-api","timestamp":"2026-05-30T19:45:42.942Z"}
{"level":"warn","message":"[GET] /api/v1/attendance/my → 401 [TOKEN_EXPIRED]: Your session has expired. Please log in again.","service":"smart-gym-api","timestamp":"2026-05-30T19:45:42.942Z","userId":"anon"}
{"level":"http","message":"\u001b[0mGET /api/v1/attendance/my \u001b[33m401\u001b[0m 5.049 ms - 1268\u001b[0m","service":"smart-gym-api","timestamp":"2026-05-30T19:45:42.944Z"}
{"level":"warn","message":"[GET] /api/v1/progress/workout → 401 [TOKEN_EXPIRED]: Your session has expired. Please log in again.","service":"smart-gym-api","timestamp":"2026-05-30T19:45:42.947Z","userId":"anon"}
{"level":"http","message":"\u001b[0mGET /api/v1/progress/workout \u001b[33m401\u001b[0m 1.688 ms - 1268\u001b[0m","service":"smart-gym-api","timestamp":"2026-05-30T19:45:42.948Z"}
{"level":"http","message":"\u001b[0mGET /api/v1/exercises \u001b[36m304\u001b[0m 34.810 ms - -\u001b[0m","service":"smart-gym-api","timestamp":"2026-05-30T19:45:42.955Z"}
{"level":"warn","message":"[GET] /api/v1/payments/my → 401 [TOKEN_EXPIRED]: Your session has expired. Please log in again.","service":"smart-gym-api","timestamp":"2026-05-30T19:45:42.958Z","userId":"anon"}
{"level":"http","message":"\u001b[0mGET /api/v1/payments/my \u001b[33m401\u001b[0m 2.911 ms - 1268\u001b[0m","service":"smart-gym-api","timestamp":"2026-05-30T19:45:42.960Z"}
{"level":"warn","message":"[GET] /api/v1/users/profile → 401 [TOKEN_EXPIRED]: Your session has expired. Please log in again.","service":"smart-gym-api","timestamp":"2026-05-30T19:46:18.389Z","userId":"anon"}
{"level":"http","message":"\u001b[0mGET /api/v1/users/profile \u001b[33m401\u001b[0m 3.590 ms - 1268\u001b[0m","service":"smart-gym-api","timestamp":"2026-05-30T19:46:18.391Z"}
{"level":"warn","message":"[GET] /api/v1/workout-plans → 401 [TOKEN_EXPIRED]: Your session has expired. Please log in again.","service":"smart-gym-api","timestamp":"2026-05-30T19:46:18.403Z","userId":"anon"}
{"level":"http","message":"\u001b[0mGET /api/v1/workout-plans \u001b[33m401\u001b[0m 6.024 ms - 1268\u001b[0m","service":"smart-gym-api","timestamp":"2026-05-30T19:46:18.405Z"}
{"level":"warn","message":"[GET] /api/v1/progress/body → 401 [TOKEN_EXPIRED]: Your session has expired. Please log in again.","service":"smart-gym-api","timestamp":"2026-05-30T19:46:18.409Z","userId":"anon"}
{"level":"http","message":"\u001b[0mGET /api/v1/progress/body \u001b[33m401\u001b[0m 1.790 ms - 1268\u001b[0m","service":"smart-gym-api","timestamp":"2026-05-30T19:46:18.410Z"}
{"level":"warn","message":"[GET] /api/v1/subscriptions/my → 401 [TOKEN_EXPIRED]: Your session has expired. Please log in again.","service":"smart-gym-api","timestamp":"2026-05-30T19:46:18.413Z","userId":"anon"}
{"level":"http","message":"\u001b[0mGET /api/v1/subscriptions/my \u001b[33m401\u001b[0m 1.574 ms - 1268\u001b[0m","service":"smart-gym-api","timestamp":"2026-05-30T19:46:18.414Z"}
{"level":"warn","message":"[GET] /api/v1/payments/my → 401 [TOKEN_EXPIRED]: Your session has expired. Please log in again.","service":"smart-gym-api","timestamp":"2026-05-30T19:46:18.422Z","userId":"anon"}
{"level":"http","message":"\u001b[0mGET /api/v1/payments/my \u001b[33m401\u001b[0m 1.844 ms - 1268\u001b[0m","service":"smart-gym-api","timestamp":"2026-05-30T19:46:18.424Z"}
{"level":"warn","message":"[GET] /api/v1/attendance/my → 401 [TOKEN_EXPIRED]: Your session has expired. Please log in again.","service":"smart-gym-api","timestamp":"2026-05-30T19:46:18.426Z","userId":"anon"}
{"level":"http","message":"\u001b[0mGET /api/v1/attendance/my \u001b[33m401\u001b[0m 9.931 ms - 1268\u001b[0m","service":"smart-gym-api","timestamp":"2026-05-30T19:46:18.429Z"}
{"level":"warn","message":"[GET] /api/v1/progress/workout → 401 [TOKEN_EXPIRED]: Your session has expired. Please log in again.","service":"smart-gym-api","timestamp":"2026-05-30T19:46:18.434Z","userId":"anon"}
{"level":"http","message":"\u001b[0mGET /api/v1/progress/workout \u001b[33m401\u001b[0m 6.548 ms - 1268\u001b[0m","service":"smart-gym-api","timestamp":"2026-05-30T19:46:18.439Z"}
{"level":"http","message":"\u001b[0mGET /api/v1/exercises \u001b[36m304\u001b[0m 49.742 ms - -\u001b[0m","service":"smart-gym-api","timestamp":"2026-05-30T19:46:18.443Z"}
{"level":"warn","message":"[GET] /api/v1/users/profile → 401 [TOKEN_EXPIRED]: Your session has expired. Please log in again.","service":"smart-gym-api","timestamp":"2026-05-30T20:00:46.586Z","userId":"anon"}
{"level":"http","message":"\u001b[0mGET /api/v1/users/profile \u001b[33m401\u001b[0m 2.290 ms - 1268\u001b[0m","service":"smart-gym-api","timestamp":"2026-05-30T20:00:46.587Z"}
{"level":"warn","message":"[GET] /api/v1/workout-plans → 401 [TOKEN_EXPIRED]: Your session has expired. Please log in again.","service":"smart-gym-api","timestamp":"2026-05-30T20:00:46.595Z","userId":"anon"}
{"level":"http","message":"\u001b[0mGET /api/v1/workout-plans \u001b[33m401\u001b[0m 1.224 ms - 1268\u001b[0m","service":"smart-gym-api","timestamp":"2026-05-30T20:00:46.596Z"}
{"level":"warn","message":"[GET] /api/v1/subscriptions/my → 401 [TOKEN_EXPIRED]: Your session has expired. Please log in again.","service":"smart-gym-api","timestamp":"2026-05-30T20:00:46.598Z","userId":"anon"}
{"level":"http","message":"\u001b[0mGET /api/v1/subscriptions/my \u001b[33m401\u001b[0m 1.247 ms - 1268\u001b[0m","service":"smart-gym-api","timestamp":"2026-05-30T20:00:46.599Z"}
{"level":"warn","message":"[GET] /api/v1/progress/body → 401 [TOKEN_EXPIRED]: Your session has expired. Please log in again.","service":"smart-gym-api","timestamp":"2026-05-30T20:00:46.601Z","userId":"anon"}
{"level":"http","message":"\u001b[0mGET /api/v1/progress/body \u001b[33m401\u001b[0m 1.154 ms - 1268\u001b[0m","service":"smart-gym-api","timestamp":"2026-05-30T20:00:46.602Z"}
{"level":"warn","message":"[GET] /api/v1/attendance/my → 401 [TOKEN_EXPIRED]: Your session has expired. Please log in again.","service":"smart-gym-api","timestamp":"2026-05-30T20:00:46.604Z","userId":"anon"}
{"level":"http","message":"\u001b[0mGET /api/v1/attendance/my \u001b[33m401\u001b[0m 5.102 ms - 1268\u001b[0m","service":"smart-gym-api","timestamp":"2026-05-30T20:00:46.606Z"}
{"level":"warn","message":"[GET] /api/v1/progress/workout → 401 [TOKEN_EXPIRED]: Your session has expired. Please log in again.","service":"smart-gym-api","timestamp":"2026-05-30T20:00:46.608Z","userId":"anon"}
{"level":"http","message":"\u001b[0mGET /api/v1/progress/workout \u001b[33m401\u001b[0m 1.574 ms - 1268\u001b[0m","service":"smart-gym-api","timestamp":"2026-05-30T20:00:46.611Z"}
{"level":"http","message":"\u001b[0mGET /api/v1/exercises \u001b[36m304\u001b[0m 26.542 ms - -\u001b[0m","service":"smart-gym-api","timestamp":"2026-05-30T20:00:46.616Z"}
{"level":"warn","message":"[GET] /api/v1/payments/my → 401 [TOKEN_EXPIRED]: Your session has expired. Please log in again.","service":"smart-gym-api","timestamp":"2026-05-30T20:00:46.618Z","userId":"anon"}
{"level":"http","message":"\u001b[0mGET /api/v1/payments/my \u001b[33m401\u001b[0m 1.130 ms - 1268\u001b[0m","service":"smart-gym-api","timestamp":"2026-05-30T20:00:46.619Z"}
{"level":"warn","message":"[POST] /api/v1/attendance/check-in → 401 [TOKEN_EXPIRED]: Your session has expired. Please log in again.","service":"smart-gym-api","timestamp":"2026-05-30T20:16:33.809Z","userId":"anon"}
{"level":"http","message":"\u001b[0mPOST /api/v1/attendance/check-in \u001b[33m401\u001b[0m 4.477 ms - 1268\u001b[0m","service":"smart-gym-api","timestamp":"2026-05-30T20:16:33.812Z"}
{"level":"warn","message":"[POST] /api/v1/subscriptions → 401 [TOKEN_EXPIRED]: Your session has expired. Please log in again.","service":"smart-gym-api","timestamp":"2026-05-30T20:16:47.028Z","userId":"anon"}
{"level":"http","message":"\u001b[0mPOST /api/v1/subscriptions \u001b[33m401\u001b[0m 2.411 ms - 1268\u001b[0m","service":"smart-gym-api","timestamp":"2026-05-30T20:16:47.029Z"}
{"level":"warn","message":"MongoDB disconnected","service":"smart-gym-api","timestamp":"2026-05-30T20:35:01.533Z"}
{"level":"warn","message":"[GET] /api/v1/progress/body → 401 [TOKEN_EXPIRED]: Your session has expired. Please log in again.","service":"smart-gym-api","timestamp":"2026-05-30T20:42:10.922Z","userId":"anon"}
{"level":"http","message":"\u001b[0mGET /api/v1/progress/body \u001b[33m401\u001b[0m 5.265 ms - 1268\u001b[0m","service":"smart-gym-api","timestamp":"2026-05-30T20:42:10.927Z"}
{"level":"warn","message":"[GET] /api/v1/progress/workout → 401 [TOKEN_EXPIRED]: Your session has expired. Please log in again.","service":"smart-gym-api","timestamp":"2026-05-30T20:42:10.936Z","userId":"anon"}
{"level":"http","message":"\u001b[0mGET /api/v1/progress/workout \u001b[33m401\u001b[0m 4.061 ms - 1268\u001b[0m","service":"smart-gym-api","timestamp":"2026-05-30T20:42:10.940Z"}
{"level":"warn","message":"[GET] /api/v1/payments/my → 401 [TOKEN_EXPIRED]: Your session has expired. Please log in again.","service":"smart-gym-api","timestamp":"2026-05-30T20:42:10.947Z","userId":"anon"}
{"level":"http","message":"\u001b[0mGET /api/v1/payments/my \u001b[33m401\u001b[0m 4.282 ms - 1268\u001b[0m","service":"smart-gym-api","timestamp":"2026-05-30T20:42:10.951Z"}
{"level":"warn","message":"[GET] /api/v1/users/profile → 401 [TOKEN_EXPIRED]: Your session has expired. Please log in again.","service":"smart-gym-api","timestamp":"2026-05-30T20:42:10.956Z","userId":"anon"}
{"level":"http","message":"\u001b[0mGET /api/v1/users/profile \u001b[33m401\u001b[0m 2.483 ms - 1268\u001b[0m","service":"smart-gym-api","timestamp":"2026-05-30T20:42:10.958Z"}
{"level":"warn","message":"[GET] /api/v1/workout-plans → 401 [TOKEN_EXPIRED]: Your session has expired. Please log in again.","service":"smart-gym-api","timestamp":"2026-05-30T20:42:10.973Z","userId":"anon"}
{"level":"http","message":"\u001b[0mGET /api/v1/workout-plans \u001b[33m401\u001b[0m 12.367 ms - 1268\u001b[0m","service":"smart-gym-api","timestamp":"2026-05-30T20:42:10.987Z"}
{"level":"warn","message":"[GET] /api/v1/subscriptions/my → 401 [TOKEN_EXPIRED]: Your session has expired. Please log in again.","service":"smart-gym-api","timestamp":"2026-05-30T20:42:10.991Z","userId":"anon"}
{"level":"http","message":"\u001b[0mGET /api/v1/subscriptions/my \u001b[33m401\u001b[0m 7.605 ms - 1268\u001b[0m","service":"smart-gym-api","timestamp":"2026-05-30T20:42:10.998Z"}
{"level":"warn","message":"[GET] /api/v1/attendance/my → 401 [TOKEN_EXPIRED]: Your session has expired. Please log in again.","service":"smart-gym-api","timestamp":"2026-05-30T20:42:11.009Z","userId":"anon"}
{"level":"http","message":"\u001b[0mGET /api/v1/attendance/my \u001b[33m401\u001b[0m 6.579 ms - 1268\u001b[0m","service":"smart-gym-api","timestamp":"2026-05-30T20:42:11.014Z"}
{"level":"http","message":"\u001b[0mGET /api/v1/exercises \u001b[36m304\u001b[0m 76.279 ms - -\u001b[0m","service":"smart-gym-api","timestamp":"2026-05-30T20:42:11.037Z"}
{"level":"info","message":"MongoDB connected: localhost","service":"smart-gym-api","timestamp":"2026-05-31T08:56:06.060Z"}
{"level":"info","message":"🚀  Smart Gym API running on port 5000 [development]","service":"smart-gym-api","timestamp":"2026-05-31T08:56:06.066Z"}
{"level":"info","message":"MongoDB connected: localhost","service":"smart-gym-api","timestamp":"2026-05-31T09:21:45.603Z"}
{"level":"info","message":"🚀  Smart Gym API running on port 5000 [development]","service":"smart-gym-api","timestamp":"2026-05-31T09:21:45.611Z"}
{"level":"info","message":"MongoDB connected: localhost","service":"smart-gym-api","timestamp":"2026-05-31T09:59:49.292Z"}
{"level":"info","message":"🚀  Smart Gym API running on port 5000 [development]","service":"smart-gym-api","timestamp":"2026-05-31T09:59:49.299Z"}
{"level":"warn","message":"[GET] /api/v1/users/profile → 401 [TOKEN_EXPIRED]: Your session has expired. Please log in again.","service":"smart-gym-api","timestamp":"2026-05-31T10:01:14.924Z","userId":"anon"}
{"level":"http","message":"\u001b[0mGET /api/v1/users/profile \u001b[33m401\u001b[0m 6.565 ms - 1268\u001b[0m","service":"smart-gym-api","timestamp":"2026-05-31T10:01:14.927Z"}
{"level":"warn","message":"[GET] /api/v1/progress/workout → 401 [TOKEN_EXPIRED]: Your session has expired. Please log in again.","service":"smart-gym-api","timestamp":"2026-05-31T10:01:14.930Z","userId":"anon"}
{"level":"http","message":"\u001b[0mGET /api/v1/progress/workout \u001b[33m401\u001b[0m 1.777 ms - 1268\u001b[0m","service":"smart-gym-api","timestamp":"2026-05-31T10:01:14.931Z"}
{"level":"warn","message":"[GET] /api/v1/workout-plans → 401 [TOKEN_EXPIRED]: Your session has expired. Please log in again.","service":"smart-gym-api","timestamp":"2026-05-31T10:01:14.945Z","userId":"anon"}
{"level":"http","message":"\u001b[0mGET /api/v1/workout-plans \u001b[33m401\u001b[0m 3.322 ms - 1268\u001b[0m","service":"smart-gym-api","timestamp":"2026-05-31T10:01:14.950Z"}
{"level":"warn","message":"[GET] /api/v1/progress/body → 401 [TOKEN_EXPIRED]: Your session has expired. Please log in again.","service":"smart-gym-api","timestamp":"2026-05-31T10:01:14.955Z","userId":"anon"}
{"level":"http","message":"\u001b[0mGET /api/v1/progress/body \u001b[33m401\u001b[0m 5.692 ms - 1268\u001b[0m","service":"smart-gym-api","timestamp":"2026-05-31T10:01:14.961Z"}
{"level":"warn","message":"[GET] /api/v1/subscriptions/my → 401 [TOKEN_EXPIRED]: Your session has expired. Please log in again.","service":"smart-gym-api","timestamp":"2026-05-31T10:01:14.967Z","userId":"anon"}
{"level":"http","message":"\u001b[0mGET /api/v1/subscriptions/my \u001b[33m401\u001b[0m 5.495 ms - 1268\u001b[0m","service":"smart-gym-api","timestamp":"2026-05-31T10:01:14.972Z"}
{"level":"warn","message":"[GET] /api/v1/payments/my → 401 [TOKEN_EXPIRED]: Your session has expired. Please log in again.","service":"smart-gym-api","timestamp":"2026-05-31T10:01:14.979Z","userId":"anon"}
{"level":"http","message":"\u001b[0mGET /api/v1/payments/my \u001b[33m401\u001b[0m 2.099 ms - 1268\u001b[0m","service":"smart-gym-api","timestamp":"2026-05-31T10:01:14.980Z"}
{"level":"warn","message":"[GET] /api/v1/attendance/my → 401 [TOKEN_EXPIRED]: Your session has expired. Please log in again.","service":"smart-gym-api","timestamp":"2026-05-31T10:01:14.981Z","userId":"anon"}
{"level":"http","message":"\u001b[0mGET /api/v1/attendance/my \u001b[33m401\u001b[0m 6.357 ms - 1268\u001b[0m","service":"smart-gym-api","timestamp":"2026-05-31T10:01:14.983Z"}
{"level":"http","message":"\u001b[0mGET /api/v1/exercises \u001b[36m304\u001b[0m 65.657 ms - -\u001b[0m","service":"smart-gym-api","timestamp":"2026-05-31T10:01:14.999Z"}
{"level":"warn","message":"[GET] /api/v1/users/profile → 401 [TOKEN_EXPIRED]: Your session has expired. Please log in again.","service":"smart-gym-api","timestamp":"2026-05-31T10:06:16.037Z","userId":"anon"}
{"level":"http","message":"\u001b[0mGET /api/v1/users/profile \u001b[33m401\u001b[0m 4.520 ms - 1268\u001b[0m","service":"smart-gym-api","timestamp":"2026-05-31T10:06:16.042Z"}
{"level":"warn","message":"[GET] /api/v1/workout-plans → 401 [TOKEN_EXPIRED]: Your session has expired. Please log in again.","service":"smart-gym-api","timestamp":"2026-05-31T10:06:16.050Z","userId":"anon"}
{"level":"http","message":"\u001b[0mGET /api/v1/workout-plans \u001b[33m401\u001b[0m 2.610 ms - 1268\u001b[0m","service":"smart-gym-api","timestamp":"2026-05-31T10:06:16.051Z"}
{"level":"warn","message":"[GET] /api/v1/subscriptions/my → 401 [TOKEN_EXPIRED]: Your session has expired. Please log in again.","service":"smart-gym-api","timestamp":"2026-05-31T10:06:16.054Z","userId":"anon"}
{"level":"http","message":"\u001b[0mGET /api/v1/subscriptions/my \u001b[33m401\u001b[0m 3.728 ms - 1268\u001b[0m","service":"smart-gym-api","timestamp":"2026-05-31T10:06:16.057Z"}
{"level":"warn","message":"[GET] /api/v1/progress/body → 401 [TOKEN_EXPIRED]: Your session has expired. Please log in again.","service":"smart-gym-api","timestamp":"2026-05-31T10:06:16.064Z","userId":"anon"}
{"level":"http","message":"\u001b[0mGET /api/v1/progress/body \u001b[33m401\u001b[0m 1.683 ms - 1268\u001b[0m","service":"smart-gym-api","timestamp":"2026-05-31T10:06:16.065Z"}
{"level":"warn","message":"[GET] /api/v1/progress/workout → 401 [TOKEN_EXPIRED]: Your session has expired. Please log in again.","service":"smart-gym-api","timestamp":"2026-05-31T10:06:16.067Z","userId":"anon"}
{"level":"http","message":"\u001b[0mGET /api/v1/progress/workout \u001b[33m401\u001b[0m 2.371 ms - 1268\u001b[0m","service":"smart-gym-api","timestamp":"2026-05-31T10:06:16.070Z"}
{"level":"warn","message":"[GET] /api/v1/attendance/my → 401 [TOKEN_EXPIRED]: Your session has expired. Please log in again.","service":"smart-gym-api","timestamp":"2026-05-31T10:06:16.074Z","userId":"anon"}
{"level":"http","message":"\u001b[0mGET /api/v1/attendance/my \u001b[33m401\u001b[0m 15.578 ms - 1268\u001b[0m","service":"smart-gym-api","timestamp":"2026-05-31T10:06:16.077Z"}
{"level":"http","message":"\u001b[0mGET /api/v1/exercises \u001b[36m304\u001b[0m 37.145 ms - -\u001b[0m","service":"smart-gym-api","timestamp":"2026-05-31T10:06:16.081Z"}
{"level":"warn","message":"[GET] /api/v1/payments/my → 401 [TOKEN_EXPIRED]: Your session has expired. Please log in again.","service":"smart-gym-api","timestamp":"2026-05-31T10:06:16.083Z","userId":"anon"}
{"level":"http","message":"\u001b[0mGET /api/v1/payments/my \u001b[33m401\u001b[0m 1.654 ms - 1268\u001b[0m","service":"smart-gym-api","timestamp":"2026-05-31T10:06:16.084Z"}
{"level":"warn","message":"[GET] /api/v1/users/profile → 401 [TOKEN_EXPIRED]: Your session has expired. Please log in again.","service":"smart-gym-api","timestamp":"2026-05-31T10:06:17.183Z","userId":"anon"}
{"level":"http","message":"\u001b[0mGET /api/v1/users/profile \u001b[33m401\u001b[0m 1.399 ms - 1268\u001b[0m","service":"smart-gym-api","timestamp":"2026-05-31T10:06:17.184Z"}
{"level":"warn","message":"[GET] /api/v1/workout-plans → 401 [TOKEN_EXPIRED]: Your session has expired. Please log in again.","service":"smart-gym-api","timestamp":"2026-05-31T10:06:17.189Z","userId":"anon"}
{"level":"http","message":"\u001b[0mGET /api/v1/workout-plans \u001b[33m401\u001b[0m 1.106 ms - 1268\u001b[0m","service":"smart-gym-api","timestamp":"2026-05-31T10:06:17.190Z"}
{"level":"warn","message":"[GET] /api/v1/subscriptions/my → 401 [TOKEN_EXPIRED]: Your session has expired. Please log in again.","service":"smart-gym-api","timestamp":"2026-05-31T10:06:17.192Z","userId":"anon"}
{"level":"http","message":"\u001b[0mGET /api/v1/subscriptions/my \u001b[33m401\u001b[0m 2.625 ms - 1268\u001b[0m","service":"smart-gym-api","timestamp":"2026-05-31T10:06:17.194Z"}
{"level":"warn","message":"[GET] /api/v1/progress/body → 401 [TOKEN_EXPIRED]: Your session has expired. Please log in again.","service":"smart-gym-api","timestamp":"2026-05-31T10:06:17.196Z","userId":"anon"}
{"level":"http","message":"\u001b[0mGET /api/v1/progress/body \u001b[33m401\u001b[0m 1.846 ms - 1268\u001b[0m","service":"smart-gym-api","timestamp":"2026-05-31T10:06:17.198Z"}
{"level":"warn","message":"[GET] /api/v1/attendance/my → 401 [TOKEN_EXPIRED]: Your session has expired. Please log in again.","service":"smart-gym-api","timestamp":"2026-05-31T10:06:17.201Z","userId":"anon"}
{"level":"http","message":"\u001b[0mGET /api/v1/attendance/my \u001b[33m401\u001b[0m 2.527 ms - 1268\u001b[0m","service":"smart-gym-api","timestamp":"2026-05-31T10:06:17.204Z"}
{"level":"warn","message":"[GET] /api/v1/progress/workout → 401 [TOKEN_EXPIRED]: Your session has expired. Please log in again.","service":"smart-gym-api","timestamp":"2026-05-31T10:06:17.207Z","userId":"anon"}
{"level":"http","message":"\u001b[0mGET /api/v1/progress/workout \u001b[33m401\u001b[0m 1.453 ms - 1268\u001b[0m","service":"smart-gym-api","timestamp":"2026-05-31T10:06:17.208Z"}
{"level":"http","message":"\u001b[0mGET /api/v1/exercises \u001b[36m304\u001b[0m 29.242 ms - -\u001b[0m","service":"smart-gym-api","timestamp":"2026-05-31T10:06:17.215Z"}
{"level":"warn","message":"[GET] /api/v1/payments/my → 401 [TOKEN_EXPIRED]: Your session has expired. Please log in again.","service":"smart-gym-api","timestamp":"2026-05-31T10:06:17.216Z","userId":"anon"}
{"level":"http","message":"\u001b[0mGET /api/v1/payments/my \u001b[33m401\u001b[0m 1.240 ms - 1268\u001b[0m","service":"smart-gym-api","timestamp":"2026-05-31T10:06:17.217Z"}
{"level":"warn","message":"[GET] /api/v1/users/profile → 401 [TOKEN_EXPIRED]: Your session has expired. Please log in again.","service":"smart-gym-api","timestamp":"2026-05-31T10:06:17.400Z","userId":"anon"}
{"level":"http","message":"\u001b[0mGET /api/v1/users/profile \u001b[33m401\u001b[0m 1.165 ms - 1268\u001b[0m","service":"smart-gym-api","timestamp":"2026-05-31T10:06:17.401Z"}
{"level":"warn","message":"[GET] /api/v1/workout-plans → 401 [TOKEN_EXPIRED]: Your session has expired. Please log in again.","service":"smart-gym-api","timestamp":"2026-05-31T10:06:17.406Z","userId":"anon"}
{"level":"http","message":"\u001b[0mGET /api/v1/workout-plans \u001b[33m401\u001b[0m 1.080 ms - 1268\u001b[0m","service":"smart-gym-api","timestamp":"2026-05-31T10:06:17.407Z"}
{"level":"warn","message":"[GET] /api/v1/subscriptions/my → 401 [TOKEN_EXPIRED]: Your session has expired. Please log in again.","service":"smart-gym-api","timestamp":"2026-05-31T10:06:17.409Z","userId":"anon"}
{"level":"http","message":"\u001b[0mGET /api/v1/subscriptions/my \u001b[33m401\u001b[0m 1.638 ms - 1268\u001b[0m","service":"smart-gym-api","timestamp":"2026-05-31T10:06:17.411Z"}
{"level":"warn","message":"[GET] /api/v1/progress/body → 401 [TOKEN_EXPIRED]: Your session has expired. Please log in again.","service":"smart-gym-api","timestamp":"2026-05-31T10:06:17.414Z","userId":"anon"}
{"level":"http","message":"\u001b[0mGET /api/v1/progress/body \u001b[33m401\u001b[0m 2.581 ms - 1268\u001b[0m","service":"smart-gym-api","timestamp":"2026-05-31T10:06:17.415Z"}
{"level":"warn","message":"[GET] /api/v1/attendance/my → 401 [TOKEN_EXPIRED]: Your session has expired. Please log in again.","service":"smart-gym-api","timestamp":"2026-05-31T10:06:17.418Z","userId":"anon"}
{"level":"http","message":"\u001b[0mGET /api/v1/attendance/my \u001b[33m401\u001b[0m 2.714 ms - 1268\u001b[0m","service":"smart-gym-api","timestamp":"2026-05-31T10:06:17.422Z"}
{"level":"warn","message":"[GET] /api/v1/progress/workout → 401 [TOKEN_EXPIRED]: Your session has expired. Please log in again.","service":"smart-gym-api","timestamp":"2026-05-31T10:06:17.425Z","userId":"anon"}
{"level":"http","message":"\u001b[0mGET /api/v1/progress/workout \u001b[33m401\u001b[0m 2.768 ms - 1268\u001b[0m","service":"smart-gym-api","timestamp":"2026-05-31T10:06:17.427Z"}
{"level":"http","message":"\u001b[0mGET /api/v1/exercises \u001b[36m304\u001b[0m 27.219 ms - -\u001b[0m","service":"smart-gym-api","timestamp":"2026-05-31T10:06:17.430Z"}
{"level":"warn","message":"[GET] /api/v1/payments/my → 401 [TOKEN_EXPIRED]: Your session has expired. Please log in again.","service":"smart-gym-api","timestamp":"2026-05-31T10:06:17.431Z","userId":"anon"}
{"level":"http","message":"\u001b[0mGET /api/v1/payments/my \u001b[33m401\u001b[0m 1.085 ms - 1268\u001b[0m","service":"smart-gym-api","timestamp":"2026-05-31T10:06:17.432Z"}
{"level":"warn","message":"[GET] /api/v1/users/profile → 401 [TOKEN_EXPIRED]: Your session has expired. Please log in again.","service":"smart-gym-api","timestamp":"2026-05-31T10:06:18.588Z","userId":"anon"}
{"level":"http","message":"\u001b[0mGET /api/v1/users/profile \u001b[33m401\u001b[0m 1.275 ms - 1268\u001b[0m","service":"smart-gym-api","timestamp":"2026-05-31T10:06:18.589Z"}
{"level":"warn","message":"[GET] /api/v1/workout-plans → 401 [TOKEN_EXPIRED]: Your session has expired. Please log in again.","service":"smart-gym-api","timestamp":"2026-05-31T10:06:18.594Z","userId":"anon"}
{"level":"http","message":"\u001b[0mGET /api/v1/workout-plans \u001b[33m401\u001b[0m 1.116 ms - 1268\u001b[0m","service":"smart-gym-api","timestamp":"2026-05-31T10:06:18.595Z"}
{"level":"warn","message":"[GET] /api/v1/subscriptions/my → 401 [TOKEN_EXPIRED]: Your session has expired. Please log in again.","service":"smart-gym-api","timestamp":"2026-05-31T10:06:18.597Z","userId":"anon"}
{"level":"http","message":"\u001b[0mGET /api/v1/subscriptions/my \u001b[33m401\u001b[0m 1.458 ms - 1268\u001b[0m","service":"smart-gym-api","timestamp":"2026-05-31T10:06:18.598Z"}
{"level":"warn","message":"[GET] /api/v1/progress/body → 401 [TOKEN_EXPIRED]: Your session has expired. Please log in again.","service":"smart-gym-api","timestamp":"2026-05-31T10:06:18.603Z","userId":"anon"}
{"level":"http","message":"\u001b[0mGET /api/v1/progress/body \u001b[33m401\u001b[0m 1.966 ms - 1268\u001b[0m","service":"smart-gym-api","timestamp":"2026-05-31T10:06:18.605Z"}
{"level":"warn","message":"[GET] /api/v1/attendance/my → 401 [TOKEN_EXPIRED]: Your session has expired. Please log in again.","service":"smart-gym-api","timestamp":"2026-05-31T10:06:18.606Z","userId":"anon"}
{"level":"http","message":"\u001b[0mGET /api/v1/attendance/my \u001b[33m401\u001b[0m 6.603 ms - 1268\u001b[0m","service":"smart-gym-api","timestamp":"2026-05-31T10:06:18.609Z"}
{"level":"warn","message":"[GET] /api/v1/progress/workout → 401 [TOKEN_EXPIRED]: Your session has expired. Please log in again.","service":"smart-gym-api","timestamp":"2026-05-31T10:06:18.613Z","userId":"anon"}
{"level":"http","message":"\u001b[0mGET /api/v1/progress/workout \u001b[33m401\u001b[0m 3.361 ms - 1268\u001b[0m","service":"smart-gym-api","timestamp":"2026-05-31T10:06:18.616Z"}
{"level":"http","message":"\u001b[0mGET /api/v1/exercises \u001b[36m304\u001b[0m 32.587 ms - -\u001b[0m","service":"smart-gym-api","timestamp":"2026-05-31T10:06:18.624Z"}
{"level":"warn","message":"[GET] /api/v1/payments/my → 401 [TOKEN_EXPIRED]: Your session has expired. Please log in again.","service":"smart-gym-api","timestamp":"2026-05-31T10:06:18.626Z","userId":"anon"}
{"level":"http","message":"\u001b[0mGET /api/v1/payments/my \u001b[33m401\u001b[0m 1.347 ms - 1268\u001b[0m","service":"smart-gym-api","timestamp":"2026-05-31T10:06:18.627Z"}
{"level":"warn","message":"[POST] /api/v1/attendance/check-in → 401 [TOKEN_EXPIRED]: Your session has expired. Please log in again.","service":"smart-gym-api","timestamp":"2026-05-31T10:06:21.068Z","userId":"anon"}
{"level":"http","message":"\u001b[0mPOST /api/v1/attendance/check-in \u001b[33m401\u001b[0m 1.089 ms - 1268\u001b[0m","service":"smart-gym-api","timestamp":"2026-05-31T10:06:21.069Z"}
{"level":"warn","message":"MongoDB disconnected","service":"smart-gym-api","timestamp":"2026-05-31T10:31:42.555Z"}
{"level":"info","message":"MongoDB connected: localhost","service":"smart-gym-api","timestamp":"2026-05-31T10:55:48.509Z"}
{"level":"info","message":"🚀  Smart Gym API running on port 5000 [development]","service":"smart-gym-api","timestamp":"2026-05-31T10:55:48.517Z"}
{"level":"warn","message":"[GET] /api/v1/users/profile → 401 [TOKEN_EXPIRED]: Your session has expired. Please log in again.","service":"smart-gym-api","timestamp":"2026-05-31T10:56:57.544Z","userId":"anon"}
{"level":"http","message":"\u001b[0mGET /api/v1/users/profile \u001b[33m401\u001b[0m 9.347 ms - 1268\u001b[0m","service":"smart-gym-api","timestamp":"2026-05-31T10:56:57.550Z"}
{"level":"warn","message":"[GET] /api/v1/progress/workout → 401 [TOKEN_EXPIRED]: Your session has expired. Please log in again.","service":"smart-gym-api","timestamp":"2026-05-31T10:56:57.554Z","userId":"anon"}
{"level":"http","message":"\u001b[0mGET /api/v1/progress/workout \u001b[33m401\u001b[0m 3.384 ms - 1268\u001b[0m","service":"smart-gym-api","timestamp":"2026-05-31T10:56:57.556Z"}
{"level":"warn","message":"[GET] /api/v1/progress/body → 401 [TOKEN_EXPIRED]: Your session has expired. Please log in again.","service":"smart-gym-api","timestamp":"2026-05-31T10:56:57.575Z","userId":"anon"}
{"level":"http","message":"\u001b[0mGET /api/v1/progress/body \u001b[33m401\u001b[0m 2.468 ms - 1268\u001b[0m","service":"smart-gym-api","timestamp":"2026-05-31T10:56:57.577Z"}
{"level":"warn","message":"[GET] /api/v1/payments/my → 401 [TOKEN_EXPIRED]: Your session has expired. Please log in again.","service":"smart-gym-api","timestamp":"2026-05-31T10:56:57.581Z","userId":"anon"}
{"level":"http","message":"\u001b[0mGET /api/v1/payments/my \u001b[33m401\u001b[0m 3.059 ms - 1268\u001b[0m","service":"smart-gym-api","timestamp":"2026-05-31T10:56:57.584Z"}
{"level":"warn","message":"[GET] /api/v1/workout-plans → 401 [TOKEN_EXPIRED]: Your session has expired. Please log in again.","service":"smart-gym-api","timestamp":"2026-05-31T10:56:57.588Z","userId":"anon"}
{"level":"http","message":"\u001b[0mGET /api/v1/workout-plans \u001b[33m401\u001b[0m 2.801 ms - 1268\u001b[0m","service":"smart-gym-api","timestamp":"2026-05-31T10:56:57.590Z"}
{"level":"warn","message":"[GET] /api/v1/subscriptions/my → 401 [TOKEN_EXPIRED]: Your session has expired. Please log in again.","service":"smart-gym-api","timestamp":"2026-05-31T10:56:57.593Z","userId":"anon"}
{"level":"http","message":"\u001b[0mGET /api/v1/subscriptions/my \u001b[33m401\u001b[0m 2.028 ms - 1268\u001b[0m","service":"smart-gym-api","timestamp":"2026-05-31T10:56:57.595Z"}
{"level":"http","message":"\u001b[0mGET /api/v1/exercises \u001b[36m304\u001b[0m 61.609 ms - -\u001b[0m","service":"smart-gym-api","timestamp":"2026-05-31T10:56:57.621Z"}
{"level":"warn","message":"[GET] /api/v1/attendance/my → 401 [TOKEN_EXPIRED]: Your session has expired. Please log in again.","service":"smart-gym-api","timestamp":"2026-05-31T10:56:57.622Z","userId":"anon"}
{"level":"http","message":"\u001b[0mGET /api/v1/attendance/my \u001b[33m401\u001b[0m 27.166 ms - 1268\u001b[0m","service":"smart-gym-api","timestamp":"2026-05-31T10:56:57.624Z"}
{"level":"warn","message":"[GET] /api/v1/users/profile → 401 [TOKEN_EXPIRED]: Your session has expired. Please log in again.","service":"smart-gym-api","timestamp":"2026-05-31T10:57:14.032Z","userId":"anon"}
{"level":"http","message":"\u001b[0mGET /api/v1/users/profile \u001b[33m401\u001b[0m 2.893 ms - 1268\u001b[0m","service":"smart-gym-api","timestamp":"2026-05-31T10:57:14.034Z"}
{"level":"warn","message":"[GET] /api/v1/users/profile → 401 [TOKEN_EXPIRED]: Your session has expired. Please log in again.","service":"smart-gym-api","timestamp":"2026-05-31T10:57:20.597Z","userId":"anon"}
{"level":"http","message":"\u001b[0mGET /api/v1/users/profile \u001b[33m401\u001b[0m 2.447 ms - 1268\u001b[0m","service":"smart-gym-api","timestamp":"2026-05-31T10:57:20.599Z"}
{"level":"warn","message":"[GET] /api/v1/workout-plans → 401 [TOKEN_EXPIRED]: Your session has expired. Please log in again.","service":"smart-gym-api","timestamp":"2026-05-31T10:57:20.609Z","userId":"anon"}
{"level":"http","message":"\u001b[0mGET /api/v1/workout-plans \u001b[33m401\u001b[0m 2.674 ms - 1268\u001b[0m","service":"smart-gym-api","timestamp":"2026-05-31T10:57:20.612Z"}
{"level":"warn","message":"[GET] /api/v1/subscriptions/my → 401 [TOKEN_EXPIRED]: Your session has expired. Please log in again.","service":"smart-gym-api","timestamp":"2026-05-31T10:57:20.616Z","userId":"anon"}
{"level":"http","message":"\u001b[0mGET /api/v1/subscriptions/my \u001b[33m401\u001b[0m 1.887 ms - 1268\u001b[0m","service":"smart-gym-api","timestamp":"2026-05-31T10:57:20.620Z"}
{"level":"warn","message":"[GET] /api/v1/progress/body → 401 [TOKEN_EXPIRED]: Your session has expired. Please log in again.","service":"smart-gym-api","timestamp":"2026-05-31T10:57:20.623Z","userId":"anon"}
{"level":"http","message":"\u001b[0mGET /api/v1/progress/body \u001b[33m401\u001b[0m 1.854 ms - 1268\u001b[0m","service":"smart-gym-api","timestamp":"2026-05-31T10:57:20.625Z"}
{"level":"warn","message":"[GET] /api/v1/payments/my → 401 [TOKEN_EXPIRED]: Your session has expired. Please log in again.","service":"smart-gym-api","timestamp":"2026-05-31T10:57:20.632Z","userId":"anon"}
{"level":"http","message":"\u001b[0mGET /api/v1/payments/my \u001b[33m401\u001b[0m 2.230 ms - 1268\u001b[0m","service":"smart-gym-api","timestamp":"2026-05-31T10:57:20.634Z"}
{"level":"warn","message":"[GET] /api/v1/attendance/my → 401 [TOKEN_EXPIRED]: Your session has expired. Please log in again.","service":"smart-gym-api","timestamp":"2026-05-31T10:57:20.635Z","userId":"anon"}
{"level":"http","message":"\u001b[0mGET /api/v1/attendance/my \u001b[33m401\u001b[0m 8.997 ms - 1268\u001b[0m","service":"smart-gym-api","timestamp":"2026-05-31T10:57:20.637Z"}
{"level":"warn","message":"[GET] /api/v1/progress/workout → 401 [TOKEN_EXPIRED]: Your session has expired. Please log in again.","service":"smart-gym-api","timestamp":"2026-05-31T10:57:20.639Z","userId":"anon"}
{"level":"http","message":"\u001b[0mGET /api/v1/progress/workout \u001b[33m401\u001b[0m 1.460 ms - 1268\u001b[0m","service":"smart-gym-api","timestamp":"2026-05-31T10:57:20.640Z"}
{"level":"http","message":"\u001b[0mGET /api/v1/exercises \u001b[36m304\u001b[0m 44.029 ms - -\u001b[0m","service":"smart-gym-api","timestamp":"2026-05-31T10:57:20.647Z"}
{"level":"warn","message":"[POST] /api/v1/attendance/check-in → 401 [TOKEN_EXPIRED]: Your session has expired. Please log in again.","service":"smart-gym-api","timestamp":"2026-05-31T10:57:32.952Z","userId":"anon"}
{"level":"http","message":"\u001b[0mPOST /api/v1/attendance/check-in \u001b[33m401\u001b[0m 3.704 ms - 1268\u001b[0m","service":"smart-gym-api","timestamp":"2026-05-31T10:57:32.955Z"}
{"level":"warn","message":"[GET] /api/v1/users/profile → 401 [TOKEN_EXPIRED]: Your session has expired. Please log in again.","service":"smart-gym-api","timestamp":"2026-05-31T10:57:42.458Z","userId":"anon"}
{"level":"http","message":"\u001b[0mGET /api/v1/users/profile \u001b[33m401\u001b[0m 2.767 ms - 1268\u001b[0m","service":"smart-gym-api","timestamp":"2026-05-31T10:57:42.461Z"}
{"level":"warn","message":"[GET] /api/v1/users/profile → 401 [TOKEN_EXPIRED]: Your session has expired. Please log in again.","service":"smart-gym-api","timestamp":"2026-05-31T11:04:03.190Z","userId":"anon"}
{"level":"http","message":"\u001b[0mGET /api/v1/users/profile \u001b[33m401\u001b[0m 2.853 ms - 1268\u001b[0m","service":"smart-gym-api","timestamp":"2026-05-31T11:04:03.192Z"}
{"level":"http","message":"\u001b[0mGET /api/v1/exercises \u001b[32m200\u001b[0m 8.426 ms - 413\u001b[0m","service":"smart-gym-api","timestamp":"2026-05-31T11:07:18.721Z"}
{"level":"warn","message":"[GET] /api/v1/users/profile → 401 [TOKEN_MISSING]: Authentication required. Please provide a Bearer token.","service":"smart-gym-api","timestamp":"2026-05-31T11:07:35.289Z","userId":"anon"}
{"level":"http","message":"\u001b[0mGET /api/v1/users/profile \u001b[33m401\u001b[0m 1.033 ms - 1286\u001b[0m","service":"smart-gym-api","timestamp":"2026-05-31T11:07:35.290Z"}
{"level":"info","message":"New user registered: qrdebug@test.com (user)","service":"smart-gym-api","timestamp":"2026-05-31T11:07:45.447Z"}
{"level":"http","message":"\u001b[0mPOST /api/v1/auth/register \u001b[32m201\u001b[0m 505.014 ms - 439\u001b[0m","service":"smart-gym-api","timestamp":"2026-05-31T11:07:45.448Z"}
{"level":"http","message":"\u001b[0mGET /api/v1/users/profile \u001b[32m200\u001b[0m 14.198 ms - 441\u001b[0m","service":"smart-gym-api","timestamp":"2026-05-31T11:07:55.981Z"}
{"level":"warn","message":"[GET] /api/v1/users/profile → 401 [TOKEN_INVALID]: Invalid token. Please log in again.","service":"smart-gym-api","timestamp":"2026-05-31T11:08:29.763Z","userId":"anon"}
{"level":"http","message":"\u001b[0mGET /api/v1/users/profile \u001b[33m401\u001b[0m 1.061 ms - 1246\u001b[0m","service":"smart-gym-api","timestamp":"2026-05-31T11:08:29.764Z"}
{"level":"warn","message":"[GET] /api/v1/users/profile → 401 [TOKEN_INVALID]: Invalid token type.","service":"smart-gym-api","timestamp":"2026-05-31T11:08:46.468Z","userId":"anon"}
{"level":"http","message":"\u001b[0mGET /api/v1/users/profile \u001b[33m401\u001b[0m 2.119 ms - 1214\u001b[0m","service":"smart-gym-api","timestamp":"2026-05-31T11:08:46.470Z"}
{"level":"warn","message":"[POST] /api/v1/auth/login → 401 [INTERNAL_ERROR]: Invalid email or password.","service":"smart-gym-api","timestamp":"2026-05-31T11:09:51.115Z","userId":"anon"}
{"level":"http","message":"\u001b[0mPOST /api/v1/auth/login \u001b[33m401\u001b[0m 351.208 ms - 355\u001b[0m","service":"smart-gym-api","timestamp":"2026-05-31T11:09:51.117Z"}
{"level":"http","message":"\u001b[0mGET /api/v1/users/profile \u001b[32m200\u001b[0m 24.066 ms - 517\u001b[0m","service":"smart-gym-api","timestamp":"2026-05-31T11:10:23.902Z"}
{"level":"info","message":"New user registered: ccc@gmail.com (user)","service":"smart-gym-api","timestamp":"2026-05-31T11:14:52.275Z"}
{"level":"http","message":"\u001b[0mPOST /api/v1/auth/register \u001b[32m201\u001b[0m 763.517 ms - 430\u001b[0m","service":"smart-gym-api","timestamp":"2026-05-31T11:14:52.277Z"}
{"level":"http","message":"\u001b[0mGET /api/v1/exercises \u001b[36m304\u001b[0m 30.263 ms - -\u001b[0m","service":"smart-gym-api","timestamp":"2026-05-31T11:14:52.432Z"}
{"level":"http","message":"\u001b[0mGET /api/v1/users/profile \u001b[32m200\u001b[0m 39.585 ms - 432\u001b[0m","service":"smart-gym-api","timestamp":"2026-05-31T11:14:52.437Z"}
{"level":"http","message":"\u001b[0mGET /api/v1/attendance/my \u001b[36m304\u001b[0m 130.118 ms - -\u001b[0m","service":"smart-gym-api","timestamp":"2026-05-31T11:14:52.555Z"}
{"level":"http","message":"\u001b[0mGET /api/v1/workout-plans \u001b[36m304\u001b[0m 139.240 ms - -\u001b[0m","service":"smart-gym-api","timestamp":"2026-05-31T11:14:52.558Z"}
{"level":"http","message":"\u001b[0mGET /api/v1/subscriptions/my \u001b[36m304\u001b[0m 155.024 ms - -\u001b[0m","service":"smart-gym-api","timestamp":"2026-05-31T11:14:52.577Z"}
{"level":"http","message":"\u001b[0mGET /api/v1/progress/body \u001b[32m200\u001b[0m 194.350 ms - 96\u001b[0m","service":"smart-gym-api","timestamp":"2026-05-31T11:14:52.608Z"}
{"level":"http","message":"\u001b[0mGET /api/v1/progress/workout \u001b[36m304\u001b[0m 169.498 ms - -\u001b[0m","service":"smart-gym-api","timestamp":"2026-05-31T11:14:52.638Z"}
{"level":"http","message":"\u001b[0mGET /api/v1/payments/my \u001b[36m304\u001b[0m 164.421 ms - -\u001b[0m","service":"smart-gym-api","timestamp":"2026-05-31T11:14:52.642Z"}
{"level":"http","message":"\u001b[0mGET /api/v1/users/profile \u001b[36m304\u001b[0m 7.196 ms - -\u001b[0m","service":"smart-gym-api","timestamp":"2026-05-31T11:15:09.558Z"}
{"level":"http","message":"\u001b[0mGET /api/v1/exercises \u001b[36m304\u001b[0m 16.647 ms - -\u001b[0m","service":"smart-gym-api","timestamp":"2026-05-31T11:24:55.069Z"}
{"level":"http","message":"\u001b[0mGET /api/v1/users/profile \u001b[36m304\u001b[0m 32.520 ms - -\u001b[0m","service":"smart-gym-api","timestamp":"2026-05-31T11:24:55.083Z"}
{"level":"http","message":"\u001b[0mGET /api/v1/workout-plans \u001b[36m304\u001b[0m 37.816 ms - -\u001b[0m","service":"smart-gym-api","timestamp":"2026-05-31T11:24:55.093Z"}
{"level":"http","message":"\u001b[0mGET /api/v1/subscriptions/my \u001b[36m304\u001b[0m 37.502 ms - -\u001b[0m","service":"smart-gym-api","timestamp":"2026-05-31T11:24:55.094Z"}
{"level":"http","message":"\u001b[0mGET /api/v1/attendance/my \u001b[36m304\u001b[0m 38.823 ms - -\u001b[0m","service":"smart-gym-api","timestamp":"2026-05-31T11:24:55.097Z"}
{"level":"http","message":"\u001b[0mGET /api/v1/progress/body \u001b[36m304\u001b[0m 41.313 ms - -\u001b[0m","service":"smart-gym-api","timestamp":"2026-05-31T11:24:55.104Z"}
{"level":"http","message":"\u001b[0mGET /api/v1/progress/workout \u001b[36m304\u001b[0m 22.573 ms - -\u001b[0m","service":"smart-gym-api","timestamp":"2026-05-31T11:24:55.112Z"}
{"level":"http","message":"\u001b[0mGET /api/v1/payments/my \u001b[36m304\u001b[0m 13.073 ms - -\u001b[0m","service":"smart-gym-api","timestamp":"2026-05-31T11:24:55.115Z"}
{"level":"http","message":"\u001b[0mGET /api/v1/users/profile \u001b[36m304\u001b[0m 8.396 ms - -\u001b[0m","service":"smart-gym-api","timestamp":"2026-05-31T11:24:59.631Z"}
{"level":"info","message":"MongoDB connected: localhost","service":"smart-gym-api","timestamp":"2026-05-31T12:07:40.125Z"}
{"level":"info","message":"🚀  Smart Gym API running on port 5000 [development]","service":"smart-gym-api","timestamp":"2026-05-31T12:07:40.132Z"}
{"level":"info","message":"User logged in: ccc@gmail.com","service":"smart-gym-api","timestamp":"2026-05-31T12:08:56.298Z"}
{"level":"http","message":"\u001b[0mPOST /api/v1/auth/login \u001b[32m200\u001b[0m 818.459 ms - 423\u001b[0m","service":"smart-gym-api","timestamp":"2026-05-31T12:08:56.305Z"}
{"level":"http","message":"\u001b[0mGET /api/v1/exercises \u001b[36m304\u001b[0m 30.162 ms - -\u001b[0m","service":"smart-gym-api","timestamp":"2026-05-31T12:08:56.455Z"}
{"level":"http","message":"\u001b[0mGET /api/v1/users/profile \u001b[36m304\u001b[0m 56.729 ms - -\u001b[0m","service":"smart-gym-api","timestamp":"2026-05-31T12:08:56.476Z"}
{"level":"http","message":"\u001b[0mGET /api/v1/workout-plans \u001b[36m304\u001b[0m 49.410 ms - -\u001b[0m","service":"smart-gym-api","timestamp":"2026-05-31T12:08:56.484Z"}
{"level":"http","message":"\u001b[0mGET /api/v1/subscriptions/my \u001b[36m304\u001b[0m 49.564 ms - -\u001b[0m","service":"smart-gym-api","timestamp":"2026-05-31T12:08:56.488Z"}
{"level":"http","message":"\u001b[0mGET /api/v1/attendance/my \u001b[36m304\u001b[0m 53.538 ms - -\u001b[0m","service":"smart-gym-api","timestamp":"2026-05-31T12:08:56.492Z"}
{"level":"http","message":"\u001b[0mGET /api/v1/progress/workout \u001b[36m304\u001b[0m 31.103 ms - -\u001b[0m","service":"smart-gym-api","timestamp":"2026-05-31T12:08:56.509Z"}
{"level":"http","message":"\u001b[0mGET /api/v1/payments/my \u001b[36m304\u001b[0m 19.747 ms - -\u001b[0m","service":"smart-gym-api","timestamp":"2026-05-31T12:08:56.515Z"}
{"level":"http","message":"\u001b[0mGET /api/v1/progress/body \u001b[36m304\u001b[0m 86.919 ms - -\u001b[0m","service":"smart-gym-api","timestamp":"2026-05-31T12:08:56.527Z"}
{"level":"http","message":"\u001b[0mGET /api/v1/users/profile \u001b[36m304\u001b[0m 7.862 ms - -\u001b[0m","service":"smart-gym-api","timestamp":"2026-05-31T12:09:02.340Z"}
{"level":"http","message":"\u001b[0mGET /api/v1/exercises \u001b[36m304\u001b[0m 28.984 ms - -\u001b[0m","service":"smart-gym-api","timestamp":"2026-05-31T12:09:23.213Z"}
{"level":"http","message":"\u001b[0mGET /api/v1/users/profile \u001b[36m304\u001b[0m 58.853 ms - -\u001b[0m","service":"smart-gym-api","timestamp":"2026-05-31T12:09:23.239Z"}
{"level":"http","message":"\u001b[0mGET /api/v1/workout-plans \u001b[36m304\u001b[0m 58.210 ms - -\u001b[0m","service":"smart-gym-api","timestamp":"2026-05-31T12:09:23.248Z"}
{"level":"http","message":"\u001b[0mGET /api/v1/subscriptions/my \u001b[36m304\u001b[0m 58.165 ms - -\u001b[0m","service":"smart-gym-api","timestamp":"2026-05-31T12:09:23.253Z"}
{"level":"http","message":"\u001b[0mGET /api/v1/attendance/my \u001b[36m304\u001b[0m 60.484 ms - -\u001b[0m","service":"smart-gym-api","timestamp":"2026-05-31T12:09:23.259Z"}
{"level":"http","message":"\u001b[0mGET /api/v1/progress/workout \u001b[36m304\u001b[0m 39.165 ms - -\u001b[0m","service":"smart-gym-api","timestamp":"2026-05-31T12:09:23.282Z"}
{"level":"http","message":"\u001b[0mGET /api/v1/payments/my \u001b[36m304\u001b[0m 19.579 ms - -\u001b[0m","service":"smart-gym-api","timestamp":"2026-05-31T12:09:23.285Z"}
{"level":"http","message":"\u001b[0mGET /api/v1/progress/body \u001b[36m304\u001b[0m 88.498 ms - -\u001b[0m","service":"smart-gym-api","timestamp":"2026-05-31T12:09:23.291Z"}
{"level":"http","message":"\u001b[0mGET /api/v1/exercises \u001b[36m304\u001b[0m 19.353 ms - -\u001b[0m","service":"smart-gym-api","timestamp":"2026-05-31T12:12:25.900Z"}
{"level":"http","message":"\u001b[0mGET /api/v1/users/profile \u001b[36m304\u001b[0m 47.542 ms - -\u001b[0m","service":"smart-gym-api","timestamp":"2026-05-31T12:12:25.925Z"}
{"level":"http","message":"\u001b[0mGET /api/v1/workout-plans \u001b[36m304\u001b[0m 46.822 ms - -\u001b[0m","service":"smart-gym-api","timestamp":"2026-05-31T12:12:25.930Z"}
{"level":"http","message":"\u001b[0mGET /api/v1/subscriptions/my \u001b[36m304\u001b[0m 52.487 ms - -\u001b[0m","service":"smart-gym-api","timestamp":"2026-05-31T12:12:25.939Z"}
{"level":"http","message":"\u001b[0mGET /api/v1/attendance/my \u001b[36m304\u001b[0m 52.076 ms - -\u001b[0m","service":"smart-gym-api","timestamp":"2026-05-31T12:12:25.942Z"}
{"level":"http","message":"\u001b[0mGET /api/v1/progress/body \u001b[36m304\u001b[0m 52.480 ms - -\u001b[0m","service":"smart-gym-api","timestamp":"2026-05-31T12:12:25.946Z"}
{"level":"http","message":"\u001b[0mGET /api/v1/progress/workout \u001b[36m304\u001b[0m 34.670 ms - -\u001b[0m","service":"smart-gym-api","timestamp":"2026-05-31T12:12:25.962Z"}
{"level":"http","message":"\u001b[0mGET /api/v1/payments/my \u001b[36m304\u001b[0m 17.198 ms - -\u001b[0m","service":"smart-gym-api","timestamp":"2026-05-31T12:12:25.966Z"}
{"level":"warn","message":"[PATCH] /api/v1/users/profile → 400 [VALIDATION_ERROR]: goal must be one of [weight_loss, muscle_gain, fitness, null]; goal is not allowed to be empty","service":"smart-gym-api","timestamp":"2026-05-31T12:12:42.796Z","userId":"6a1c182b1435626b44e7d4b9"}
{"level":"http","message":"\u001b[0mPATCH /api/v1/users/profile \u001b[33m400\u001b[0m 21.107 ms - 1514\u001b[0m","service":"smart-gym-api","timestamp":"2026-05-31T12:12:42.800Z"}
{"level":"warn","message":"[PATCH] /api/v1/users/profile → 400 [VALIDATION_ERROR]: goal must be one of [weight_loss, muscle_gain, fitness, null]","service":"smart-gym-api","timestamp":"2026-05-31T12:12:46.823Z","userId":"6a1c182b1435626b44e7d4b9"}
{"level":"http","message":"\u001b[0mPATCH /api/v1/users/profile \u001b[33m400\u001b[0m 7.839 ms - 1387\u001b[0m","service":"smart-gym-api","timestamp":"2026-05-31T12:12:46.825Z"}
{"level":"warn","message":"[PATCH] /api/v1/users/profile → 400 [VALIDATION_ERROR]: goal must be one of [weight_loss, muscle_gain, fitness, null]","service":"smart-gym-api","timestamp":"2026-05-31T12:12:47.800Z","userId":"6a1c182b1435626b44e7d4b9"}
{"level":"http","message":"\u001b[0mPATCH /api/v1/users/profile \u001b[33m400\u001b[0m 8.459 ms - 1387\u001b[0m","service":"smart-gym-api","timestamp":"2026-05-31T12:12:47.803Z"}
{"level":"info","message":"MongoDB connected: localhost","service":"smart-gym-api","timestamp":"2026-05-31T18:54:23.055Z"}
{"level":"info","message":"🚀  Smart Gym API running on port 5000 [development]","service":"smart-gym-api","timestamp":"2026-05-31T18:54:23.063Z"}
{"level":"warn","message":"[POST] /api/v1/auth/register → 400 [VALIDATION_ERROR]: Password must be at least 8 characters","service":"smart-gym-api","timestamp":"2026-05-31T18:57:51.501Z","userId":"anon"}
{"level":"http","message":"\u001b[0mPOST /api/v1/auth/register \u001b[33m400\u001b[0m 8.065 ms - 1372\u001b[0m","service":"smart-gym-api","timestamp":"2026-05-31T18:57:51.505Z"}
{"level":"info","message":"New user registered: ppp@gmail.com (user)","service":"smart-gym-api","timestamp":"2026-05-31T18:59:34.157Z"}
{"level":"http","message":"\u001b[0mPOST /api/v1/auth/register \u001b[32m201\u001b[0m 424.135 ms - 431\u001b[0m","service":"smart-gym-api","timestamp":"2026-05-31T18:59:34.159Z"}
{"level":"http","message":"\u001b[0mGET /api/v1/users/profile \u001b[32m200\u001b[0m 73.215 ms - 435\u001b[0m","service":"smart-gym-api","timestamp":"2026-05-31T18:59:34.317Z"}
{"level":"http","message":"\u001b[0mGET /api/v1/exercises \u001b[36m304\u001b[0m 70.317 ms - -\u001b[0m","service":"smart-gym-api","timestamp":"2026-05-31T18:59:34.323Z"}
{"level":"http","message":"\u001b[0mGET /api/v1/workout-plans \u001b[36m304\u001b[0m 82.068 ms - -\u001b[0m","service":"smart-gym-api","timestamp":"2026-05-31T18:59:34.346Z"}
{"level":"http","message":"\u001b[0mGET /api/v1/subscriptions/my \u001b[36m304\u001b[0m 172.454 ms - -\u001b[0m","service":"smart-gym-api","timestamp":"2026-05-31T18:59:34.440Z"}
{"level":"http","message":"\u001b[0mGET /api/v1/progress/body \u001b[36m304\u001b[0m 170.952 ms - -\u001b[0m","service":"smart-gym-api","timestamp":"2026-05-31T18:59:34.446Z"}
{"level":"http","message":"\u001b[0mGET /api/v1/payments/my \u001b[36m304\u001b[0m 118.576 ms - -\u001b[0m","service":"smart-gym-api","timestamp":"2026-05-31T18:59:34.449Z"}
{"level":"http","message":"\u001b[0mGET /api/v1/progress/workout \u001b[36m304\u001b[0m 124.131 ms - -\u001b[0m","service":"smart-gym-api","timestamp":"2026-05-31T18:59:34.454Z"}
{"level":"http","message":"\u001b[0mGET /api/v1/attendance/my \u001b[36m304\u001b[0m 204.043 ms - -\u001b[0m","service":"smart-gym-api","timestamp":"2026-05-31T18:59:34.475Z"}
{"level":"http","message":"\u001b[0mGET /api/v1/users/profile \u001b[36m304\u001b[0m 7.600 ms - -\u001b[0m","service":"smart-gym-api","timestamp":"2026-05-31T18:59:50.509Z"}
{"level":"info","message":"MongoDB connected: localhost","service":"smart-gym-api","timestamp":"2026-05-31T19:46:00.958Z"}
{"level":"info","message":"🚀  Smart Gym API running on port 5000 [development]","service":"smart-gym-api","timestamp":"2026-05-31T19:46:00.975Z"}
{"level":"info","message":"User logged in: ppp@gmail.com","service":"smart-gym-api","timestamp":"2026-05-31T19:47:58.820Z"}
{"level":"http","message":"\u001b[0mPOST /api/v1/auth/login \u001b[32m200\u001b[0m 837.710 ms - 424\u001b[0m","service":"smart-gym-api","timestamp":"2026-05-31T19:47:58.831Z"}
{"level":"http","message":"\u001b[0mGET /api/v1/exercises \u001b[36m304\u001b[0m 56.410 ms - -\u001b[0m","service":"smart-gym-api","timestamp":"2026-05-31T19:47:59.043Z"}
{"level":"http","message":"\u001b[0mGET /api/v1/users/profile \u001b[32m200\u001b[0m 106.644 ms - 476\u001b[0m","service":"smart-gym-api","timestamp":"2026-05-31T19:47:59.087Z"}
{"level":"http","message":"\u001b[0mGET /api/v1/workout-plans \u001b[36m304\u001b[0m 104.858 ms - -\u001b[0m","service":"smart-gym-api","timestamp":"2026-05-31T19:47:59.101Z"}
{"level":"http","message":"\u001b[0mGET /api/v1/subscriptions/my \u001b[36m304\u001b[0m 103.056 ms - -\u001b[0m","service":"smart-gym-api","timestamp":"2026-05-31T19:47:59.105Z"}
{"level":"http","message":"\u001b[0mGET /api/v1/attendance/my \u001b[36m304\u001b[0m 106.201 ms - -\u001b[0m","service":"smart-gym-api","timestamp":"2026-05-31T19:47:59.113Z"}
{"level":"http","message":"\u001b[0mGET /api/v1/progress/body \u001b[36m304\u001b[0m 56.225 ms - -\u001b[0m","service":"smart-gym-api","timestamp":"2026-05-31T19:47:59.151Z"}
{"level":"http","message":"\u001b[0mGET /api/v1/progress/workout \u001b[36m304\u001b[0m 55.344 ms - -\u001b[0m","service":"smart-gym-api","timestamp":"2026-05-31T19:47:59.175Z"}
{"level":"http","message":"\u001b[0mGET /api/v1/payments/my \u001b[36m304\u001b[0m 46.874 ms - -\u001b[0m","service":"smart-gym-api","timestamp":"2026-05-31T19:47:59.182Z"}
{"level":"http","message":"\u001b[0mGET /api/v1/progress/stats \u001b[32m200\u001b[0m 89.579 ms - 139\u001b[0m","service":"smart-gym-api","timestamp":"2026-05-31T19:47:59.222Z"}
{"level":"http","message":"\u001b[0mGET /api/v1/attendance/stats \u001b[32m200\u001b[0m 301.785 ms - 94\u001b[0m","service":"smart-gym-api","timestamp":"2026-05-31T19:47:59.315Z"}
{"level":"http","message":"\u001b[0mGET /api/v1/users/profile \u001b[36m304\u001b[0m 36.423 ms - -\u001b[0m","service":"smart-gym-api","timestamp":"2026-05-31T19:48:08.608Z"}
{"level":"http","message":"\u001b[0mGET /api/v1/exercises \u001b[36m304\u001b[0m 32.117 ms - -\u001b[0m","service":"smart-gym-api","timestamp":"2026-05-31T19:48:08.616Z"}
{"level":"http","message":"\u001b[0mGET /api/v1/workout-plans \u001b[36m304\u001b[0m 55.831 ms - -\u001b[0m","service":"smart-gym-api","timestamp":"2026-05-31T19:48:08.646Z"}
{"level":"http","message":"\u001b[0mGET /api/v1/subscriptions/my \u001b[36m304\u001b[0m 56.749 ms - -\u001b[0m","service":"smart-gym-api","timestamp":"2026-05-31T19:48:08.650Z"}
{"level":"http","message":"\u001b[0mGET /api/v1/attendance/my \u001b[36m304\u001b[0m 57.723 ms - -\u001b[0m","service":"smart-gym-api","timestamp":"2026-05-31T19:48:08.654Z"}
{"level":"http","message":"\u001b[0mGET /api/v1/attendance/stats \u001b[36m304\u001b[0m 61.101 ms - -\u001b[0m","service":"smart-gym-api","timestamp":"2026-05-31T19:48:08.663Z"}
{"level":"http","message":"\u001b[0mGET /api/v1/progress/body \u001b[36m304\u001b[0m 37.888 ms - -\u001b[0m","service":"smart-gym-api","timestamp":"2026-05-31T19:48:08.677Z"}
{"level":"http","message":"\u001b[0mGET /api/v1/payments/my \u001b[36m304\u001b[0m 19.106 ms - -\u001b[0m","service":"smart-gym-api","timestamp":"2026-05-31T19:48:08.693Z"}
{"level":"http","message":"\u001b[0mGET /api/v1/progress/stats \u001b[36m304\u001b[0m 38.538 ms - -\u001b[0m","service":"smart-gym-api","timestamp":"2026-05-31T19:48:08.708Z"}
{"level":"http","message":"\u001b[0mGET /api/v1/progress/workout \u001b[36m304\u001b[0m 70.695 ms - -\u001b[0m","service":"smart-gym-api","timestamp":"2026-05-31T19:48:08.713Z"}
{"level":"warn","message":"[POST] /api/v1/workout-plans/generate → 400 [VALIDATION_ERROR]: Cast to ObjectId failed for value \"auto\" (type string) at path \"createdBy\" because of \"BSONError\"; Training days per week is required; Invalid goal: fitness; Path `dayNumber` is required.; Path `dayNumber` is required.; Path `dayNumber` is required.; Path `order` is required.","service":"smart-gym-api","timestamp":"2026-05-31T19:48:11.991Z","userId":"6a1c851542ce69a8604a8b97"}
{"level":"http","message":"\u001b[0mPOST /api/v1/workout-plans/generate \u001b[33m400\u001b[0m 104.965 ms - 1823\u001b[0m","service":"smart-gym-api","timestamp":"2026-05-31T19:48:11.997Z"}
{"level":"warn","message":"[POST] /api/v1/workout-plans/generate → 400 [VALIDATION_ERROR]: Cast to ObjectId failed for value \"auto\" (type string) at path \"createdBy\" because of \"BSONError\"; Training days per week is required; Invalid goal: fitness; Path `dayNumber` is required.; Path `dayNumber` is required.; Path `dayNumber` is required.; Path `order` is required.","service":"smart-gym-api","timestamp":"2026-05-31T19:48:13.166Z","userId":"6a1c851542ce69a8604a8b97"}
{"level":"http","message":"\u001b[0mPOST /api/v1/workout-plans/generate \u001b[33m400\u001b[0m 34.259 ms - 1823\u001b[0m","service":"smart-gym-api","timestamp":"2026-05-31T19:48:13.168Z"}
{"level":"info","message":"Body measurement created: user 6a1c851542ce69a8604a8b97, date Sun May 31 2026 22:48:56 GMT+0300 (توقيت شرق أوروبا الصيفي)","service":"smart-gym-api","timestamp":"2026-05-31T19:48:57.015Z"}
{"level":"http","message":"\u001b[0mPOST /api/v1/progress/body \u001b[32m201\u001b[0m 35.808 ms - 344\u001b[0m","service":"smart-gym-api","timestamp":"2026-05-31T19:48:57.017Z"}
{"level":"http","message":"\u001b[0mGET /api/v1/users/profile \u001b[36m304\u001b[0m 11.594 ms - -\u001b[0m","service":"smart-gym-api","timestamp":"2026-05-31T19:49:15.646Z"}
{"level":"http","message":"\u001b[0mGET /api/v1/users/profile \u001b[36m304\u001b[0m 16.936 ms - -\u001b[0m","service":"smart-gym-api","timestamp":"2026-05-31T19:49:18.566Z"}
{"level":"http","message":"\u001b[0mGET /api/v1/exercises \u001b[36m304\u001b[0m 28.687 ms - -\u001b[0m","service":"smart-gym-api","timestamp":"2026-05-31T19:49:18.600Z"}
{"level":"http","message":"\u001b[0mGET /api/v1/attendance/my \u001b[36m304\u001b[0m 56.876 ms - -\u001b[0m","service":"smart-gym-api","timestamp":"2026-05-31T19:49:18.633Z"}
{"level":"http","message":"\u001b[0mGET /api/v1/attendance/stats \u001b[36m304\u001b[0m 56.529 ms - -\u001b[0m","service":"smart-gym-api","timestamp":"2026-05-31T19:49:18.638Z"}
{"level":"http","message":"\u001b[0mGET /api/v1/workout-plans \u001b[36m304\u001b[0m 53.377 ms - -\u001b[0m","service":"smart-gym-api","timestamp":"2026-05-31T19:49:18.642Z"}
{"level":"http","message":"\u001b[0mGET /api/v1/subscriptions/my \u001b[36m304\u001b[0m 52.148 ms - -\u001b[0m","service":"smart-gym-api","timestamp":"2026-05-31T19:49:18.644Z"}
{"level":"http","message":"\u001b[0mGET /api/v1/progress/body \u001b[32m200\u001b[0m 57.155 ms - 380\u001b[0m","service":"smart-gym-api","timestamp":"2026-05-31T19:49:18.651Z"}
{"level":"http","message":"\u001b[0mGET /api/v1/payments/my \u001b[36m304\u001b[0m 17.874 ms - -\u001b[0m","service":"smart-gym-api","timestamp":"2026-05-31T19:49:18.676Z"}
{"level":"http","message":"\u001b[0mGET /api/v1/progress/stats \u001b[36m304\u001b[0m 30.726 ms - -\u001b[0m","service":"smart-gym-api","timestamp":"2026-05-31T19:49:18.686Z"}
{"level":"http","message":"\u001b[0mGET /api/v1/progress/workout \u001b[36m304\u001b[0m 63.622 ms - -\u001b[0m","service":"smart-gym-api","timestamp":"2026-05-31T19:49:18.691Z"}
{"level":"info","message":"Subscription created: 6a1c90d32c8e9fff9134eac1 (standard, 1 month(s))","service":"smart-gym-api","timestamp":"2026-05-31T19:49:39.915Z"}
{"level":"http","message":"\u001b[0mPOST /api/v1/subscriptions \u001b[32m201\u001b[0m 178.871 ms - 552\u001b[0m","service":"smart-gym-api","timestamp":"2026-05-31T19:49:39.919Z"}
{"level":"info","message":"Initiating Paymob payment for user 6a1c851542ce69a8604a8b97, subscription 6a1c90d32c8e9fff9134eac1","service":"smart-gym-api","timestamp":"2026-05-31T19:49:39.946Z"}
{"errorCode":"INTERNAL_ERROR","level":"error","message":"Cannot read properties of undefined (reading 'split')","service":"smart-gym-api","stack":"TypeError: Cannot read properties of undefined (reading 'split')\n    at Object.initiatePayment (D:\\Field traineng\\GYM\\GYM\\backend\\src\\modules\\payment\\service\\payment.service.js:48:32)\n    at process.processTicksAndRejections (node:internal/process/task_queues:105:5)\n    at async D:\\Field traineng\\GYM\\GYM\\backend\\src\\modules\\payment\\controller\\payment.controller.js:9:18","timestamp":"2026-05-31T19:49:55.403Z","userId":"6a1c851542ce69a8604a8b97"}
{"level":"http","message":"\u001b[0mPOST /api/v1/payments/initiate \u001b[31m500\u001b[0m 15476.719 ms - 515\u001b[0m","service":"smart-gym-api","timestamp":"2026-05-31T19:49:55.409Z"}
{"level":"http","message":"\u001b[0mGET /api/v1/exercises \u001b[36m304\u001b[0m 23.453 ms - -\u001b[0m","service":"smart-gym-api","timestamp":"2026-05-31T19:50:02.470Z"}
{"level":"http","message":"\u001b[0mGET /api/v1/users/profile \u001b[36m304\u001b[0m 46.731 ms - -\u001b[0m","service":"smart-gym-api","timestamp":"2026-05-31T19:50:02.489Z"}
{"level":"http","message":"\u001b[0mGET /api/v1/workout-plans \u001b[36m304\u001b[0m 50.848 ms - -\u001b[0m","service":"smart-gym-api","timestamp":"2026-05-31T19:50:02.503Z"}
{"level":"http","message":"\u001b[0mGET /api/v1/subscriptions/my \u001b[36m304\u001b[0m 56.154 ms - -\u001b[0m","service":"smart-gym-api","timestamp":"2026-05-31T19:50:02.512Z"}
{"level":"http","message":"\u001b[0mGET /api/v1/attendance/my \u001b[36m304\u001b[0m 53.824 ms - -\u001b[0m","service":"smart-gym-api","timestamp":"2026-05-31T19:50:02.516Z"}
{"level":"http","message":"\u001b[0mGET /api/v1/attendance/stats \u001b[36m304\u001b[0m 54.310 ms - -\u001b[0m","service":"smart-gym-api","timestamp":"2026-05-31T19:50:02.521Z"}
{"level":"http","message":"\u001b[0mGET /api/v1/progress/body \u001b[36m304\u001b[0m 42.943 ms - -\u001b[0m","service":"smart-gym-api","timestamp":"2026-05-31T19:50:02.543Z"}
{"level":"http","message":"\u001b[0mGET /api/v1/progress/workout \u001b[36m304\u001b[0m 37.591 ms - -\u001b[0m","service":"smart-gym-api","timestamp":"2026-05-31T19:50:02.556Z"}
{"level":"http","message":"\u001b[0mGET /api/v1/payments/my \u001b[36m304\u001b[0m 31.326 ms - -\u001b[0m","service":"smart-gym-api","timestamp":"2026-05-31T19:50:02.565Z"}
{"level":"http","message":"\u001b[0mGET /api/v1/progress/stats \u001b[36m304\u001b[0m 42.092 ms - -\u001b[0m","service":"smart-gym-api","timestamp":"2026-05-31T19:50:02.573Z"}
{"errorCode":"INTERNAL_ERROR","level":"error","message":"Unknown API key your_api_key","service":"smart-gym-api","timestamp":"2026-05-31T19:50:27.536Z","userId":"6a1c851542ce69a8604a8b97"}
{"level":"http","message":"\u001b[0mPATCH /api/v1/users/avatar \u001b[31m500\u001b[0m 1614.314 ms - 87\u001b[0m","service":"smart-gym-api","timestamp":"2026-05-31T19:50:27.538Z"}
{"errorCode":"INTERNAL_ERROR","level":"error","message":"Unknown API key your_api_key","service":"smart-gym-api","timestamp":"2026-05-31T19:50:40.456Z","userId":"6a1c851542ce69a8604a8b97"}
{"level":"http","message":"\u001b[0mPATCH /api/v1/users/avatar \u001b[31m500\u001b[0m 824.550 ms - 87\u001b[0m","service":"smart-gym-api","timestamp":"2026-05-31T19:50:40.458Z"}
{"level":"info","message":"User profile updated: 6a1c851542ce69a8604a8b97","service":"smart-gym-api","timestamp":"2026-05-31T19:50:52.041Z"}
{"level":"http","message":"\u001b[0mPATCH /api/v1/users/profile \u001b[32m200\u001b[0m 25.414 ms - 519\u001b[0m","service":"smart-gym-api","timestamp":"2026-05-31T19:50:52.043Z"}
{"level":"info","message":"User profile updated: 6a1c851542ce69a8604a8b97","service":"smart-gym-api","timestamp":"2026-05-31T19:50:53.963Z"}
{"level":"http","message":"\u001b[0mPATCH /api/v1/users/profile \u001b[32m200\u001b[0m 21.265 ms - 519\u001b[0m","service":"smart-gym-api","timestamp":"2026-05-31T19:50:53.965Z"}
{"level":"http","message":"\u001b[0mGET /api/v1/users/profile \u001b[32m200\u001b[0m 10.359 ms - 497\u001b[0m","service":"smart-gym-api","timestamp":"2026-05-31T19:51:35.767Z"}
{"level":"http","message":"\u001b[0mGET /api/v1/exercises \u001b[36m304\u001b[0m 17.268 ms - -\u001b[0m","service":"smart-gym-api","timestamp":"2026-05-31T19:53:47.003Z"}
{"level":"http","message":"\u001b[0mGET /api/v1/users/profile \u001b[36m304\u001b[0m 46.826 ms - -\u001b[0m","service":"smart-gym-api","timestamp":"2026-05-31T19:53:47.030Z"}
{"level":"http","message":"\u001b[0mGET /api/v1/workout-plans \u001b[36m304\u001b[0m 57.206 ms - -\u001b[0m","service":"smart-gym-api","timestamp":"2026-05-31T19:53:47.046Z"}
{"level":"http","message":"\u001b[0mGET /api/v1/subscriptions/my \u001b[36m304\u001b[0m 61.456 ms - -\u001b[0m","service":"smart-gym-api","timestamp":"2026-05-31T19:53:47.051Z"}
{"level":"http","message":"\u001b[0mGET /api/v1/attendance/my \u001b[36m304\u001b[0m 66.070 ms - -\u001b[0m","service":"smart-gym-api","timestamp":"2026-05-31T19:53:47.061Z"}
{"level":"http","message":"\u001b[0mGET /api/v1/attendance/stats \u001b[36m304\u001b[0m 71.439 ms - -\u001b[0m","service":"smart-gym-api","timestamp":"2026-05-31T19:53:47.069Z"}
{"level":"http","message":"\u001b[0mGET /api/v1/progress/body \u001b[36m304\u001b[0m 50.801 ms - -\u001b[0m","service":"smart-gym-api","timestamp":"2026-05-31T19:53:47.093Z"}
{"level":"http","message":"\u001b[0mGET /api/v1/progress/workout \u001b[36m304\u001b[0m 47.940 ms - -\u001b[0m","service":"smart-gym-api","timestamp":"2026-05-31T19:53:47.104Z"}
{"level":"http","message":"\u001b[0mGET /api/v1/payments/my \u001b[36m304\u001b[0m 29.765 ms - -\u001b[0m","service":"smart-gym-api","timestamp":"2026-05-31T19:53:47.108Z"}
{"level":"http","message":"\u001b[0mGET /api/v1/progress/stats \u001b[36m304\u001b[0m 39.474 ms - -\u001b[0m","service":"smart-gym-api","timestamp":"2026-05-31T19:53:47.115Z"}
{"errorCode":"INTERNAL_ERROR","level":"error","message":"Unknown API key your_api_key","service":"smart-gym-api","timestamp":"2026-05-31T19:54:00.513Z","userId":"6a1c851542ce69a8604a8b97"}
{"level":"http","message":"\u001b[0mPATCH /api/v1/users/avatar \u001b[31m500\u001b[0m 1266.099 ms - 87\u001b[0m","service":"smart-gym-api","timestamp":"2026-05-31T19:54:00.516Z"}
{"level":"warn","message":"[PATCH] /api/v1/users/change-password → 400 [VALIDATION_ERROR]: New password must be at least 8 characters","service":"smart-gym-api","timestamp":"2026-05-31T19:54:25.997Z","userId":"6a1c851542ce69a8604a8b97"}
{"level":"http","message":"\u001b[0mPATCH /api/v1/users/change-password \u001b[33m400\u001b[0m 15.148 ms - 1337\u001b[0m","service":"smart-gym-api","timestamp":"2026-05-31T19:54:26.001Z"}
{"level":"warn","message":"[PATCH] /api/v1/users/change-password → 400 [VALIDATION_ERROR]: New password must be at least 8 characters","service":"smart-gym-api","timestamp":"2026-05-31T19:54:28.498Z","userId":"6a1c851542ce69a8604a8b97"}
{"level":"http","message":"\u001b[0mPATCH /api/v1/users/change-password \u001b[33m400\u001b[0m 7.567 ms - 1337\u001b[0m","service":"smart-gym-api","timestamp":"2026-05-31T19:54:28.500Z"}
{"level":"warn","message":"[PATCH] /api/v1/users/change-password → 400 [VALIDATION_ERROR]: New password must be at least 8 characters","service":"smart-gym-api","timestamp":"2026-05-31T19:54:30.812Z","userId":"6a1c851542ce69a8604a8b97"}
{"level":"http","message":"\u001b[0mPATCH /api/v1/users/change-password \u001b[33m400\u001b[0m 7.069 ms - 1337\u001b[0m","service":"smart-gym-api","timestamp":"2026-05-31T19:54:30.815Z"}
{"level":"warn","message":"[PATCH] /api/v1/users/change-password → 400 [VALIDATION_ERROR]: New password must be at least 8 characters","service":"smart-gym-api","timestamp":"2026-05-31T19:54:31.784Z","userId":"6a1c851542ce69a8604a8b97"}
{"level":"http","message":"\u001b[0mPATCH /api/v1/users/change-password \u001b[33m400\u001b[0m 7.788 ms - 1337\u001b[0m","service":"smart-gym-api","timestamp":"2026-05-31T19:54:31.788Z"}
{"level":"warn","message":"[PATCH] /api/v1/users/change-password → 400 [VALIDATION_ERROR]: New password must be at least 8 characters","service":"smart-gym-api","timestamp":"2026-05-31T19:54:31.926Z","userId":"6a1c851542ce69a8604a8b97"}
{"level":"http","message":"\u001b[0mPATCH /api/v1/users/change-password \u001b[33m400\u001b[0m 4.968 ms - 1337\u001b[0m","service":"smart-gym-api","timestamp":"2026-05-31T19:54:31.928Z"}
{"level":"warn","message":"[PATCH] /api/v1/users/change-password → 400 [VALIDATION_ERROR]: New password must be at least 8 characters","service":"smart-gym-api","timestamp":"2026-05-31T19:54:32.048Z","userId":"6a1c851542ce69a8604a8b97"}
{"level":"http","message":"\u001b[0mPATCH /api/v1/users/change-password \u001b[33m400\u001b[0m 4.956 ms - 1337\u001b[0m","service":"smart-gym-api","timestamp":"2026-05-31T19:54:32.049Z"}
{"level":"warn","message":"[PATCH] /api/v1/users/change-password → 400 [VALIDATION_ERROR]: New password must be at least 8 characters","service":"smart-gym-api","timestamp":"2026-05-31T19:54:32.278Z","userId":"6a1c851542ce69a8604a8b97"}
{"level":"http","message":"\u001b[0mPATCH /api/v1/users/change-password \u001b[33m400\u001b[0m 5.414 ms - 1337\u001b[0m","service":"smart-gym-api","timestamp":"2026-05-31T19:54:32.279Z"}
{"level":"warn","message":"[PATCH] /api/v1/users/change-password → 400 [VALIDATION_ERROR]: New password must be at least 8 characters","service":"smart-gym-api","timestamp":"2026-05-31T19:54:32.698Z","userId":"6a1c851542ce69a8604a8b97"}
{"level":"http","message":"\u001b[0mPATCH /api/v1/users/change-password \u001b[33m400\u001b[0m 4.158 ms - 1337\u001b[0m","service":"smart-gym-api","timestamp":"2026-05-31T19:54:32.699Z"}
{"level":"warn","message":"[PATCH] /api/v1/users/change-password → 400 [VALIDATION_ERROR]: New password must be at least 8 characters","service":"smart-gym-api","timestamp":"2026-05-31T19:54:32.851Z","userId":"6a1c851542ce69a8604a8b97"}
{"level":"http","message":"\u001b[0mPATCH /api/v1/users/change-password \u001b[33m400\u001b[0m 5.256 ms - 1337\u001b[0m","service":"smart-gym-api","timestamp":"2026-05-31T19:54:32.852Z"}
{"level":"warn","message":"[PATCH] /api/v1/users/change-password → 400 [VALIDATION_ERROR]: New password must be at least 8 characters","service":"smart-gym-api","timestamp":"2026-05-31T19:54:33.073Z","userId":"6a1c851542ce69a8604a8b97"}
{"level":"http","message":"\u001b[0mPATCH /api/v1/users/change-password \u001b[33m400\u001b[0m 5.877 ms - 1337\u001b[0m","service":"smart-gym-api","timestamp":"2026-05-31T19:54:33.075Z"}
{"level":"warn","message":"[PATCH] /api/v1/users/change-password → 400 [VALIDATION_ERROR]: New password must be at least 8 characters","service":"smart-gym-api","timestamp":"2026-05-31T19:54:33.807Z","userId":"6a1c851542ce69a8604a8b97"}
{"level":"http","message":"\u001b[0mPATCH /api/v1/users/change-password \u001b[33m400\u001b[0m 6.659 ms - 1337\u001b[0m","service":"smart-gym-api","timestamp":"2026-05-31T19:54:33.809Z"}
{"level":"warn","message":"[PATCH] /api/v1/users/change-password → 400 [VALIDATION_ERROR]: New password must be at least 8 characters","service":"smart-gym-api","timestamp":"2026-05-31T19:54:34.025Z","userId":"6a1c851542ce69a8604a8b97"}
{"level":"http","message":"\u001b[0mPATCH /api/v1/users/change-password \u001b[33m400\u001b[0m 7.736 ms - 1337\u001b[0m","service":"smart-gym-api","timestamp":"2026-05-31T19:54:34.029Z"}
{"level":"warn","message":"[PATCH] /api/v1/users/change-password → 400 [VALIDATION_ERROR]: New password must be at least 8 characters","service":"smart-gym-api","timestamp":"2026-05-31T19:54:41.040Z","userId":"6a1c851542ce69a8604a8b97"}
{"level":"http","message":"\u001b[0mPATCH /api/v1/users/change-password \u001b[33m400\u001b[0m 9.807 ms - 1337\u001b[0m","service":"smart-gym-api","timestamp":"2026-05-31T19:54:41.043Z"}
{"level":"warn","message":"[PATCH] /api/v1/users/change-password → 400 [VALIDATION_ERROR]: New password must be at least 8 characters","service":"smart-gym-api","timestamp":"2026-05-31T19:54:41.806Z","userId":"6a1c851542ce69a8604a8b97"}
{"level":"http","message":"\u001b[0mPATCH /api/v1/users/change-password \u001b[33m400\u001b[0m 12.711 ms - 1337\u001b[0m","service":"smart-gym-api","timestamp":"2026-05-31T19:54:41.810Z"}
{"level":"warn","message":"[PATCH] /api/v1/users/change-password → 400 [VALIDATION_ERROR]: New password must be at least 8 characters","service":"smart-gym-api","timestamp":"2026-05-31T19:54:42.022Z","userId":"6a1c851542ce69a8604a8b97"}
{"level":"http","message":"\u001b[0mPATCH /api/v1/users/change-password \u001b[33m400\u001b[0m 13.756 ms - 1337\u001b[0m","service":"smart-gym-api","timestamp":"2026-05-31T19:54:42.026Z"}
{"level":"warn","message":"[PATCH] /api/v1/users/change-password → 400 [VALIDATION_ERROR]: New password must be at least 8 characters","service":"smart-gym-api","timestamp":"2026-05-31T19:54:42.706Z","userId":"6a1c851542ce69a8604a8b97"}
{"level":"http","message":"\u001b[0mPATCH /api/v1/users/change-password \u001b[33m400\u001b[0m 6.965 ms - 1337\u001b[0m","service":"smart-gym-api","timestamp":"2026-05-31T19:54:42.708Z"}
{"level":"warn","message":"[PATCH] /api/v1/users/change-password → 400 [VALIDATION_ERROR]: New password must be at least 8 characters","service":"smart-gym-api","timestamp":"2026-05-31T19:54:42.836Z","userId":"6a1c851542ce69a8604a8b97"}
{"level":"http","message":"\u001b[0mPATCH /api/v1/users/change-password \u001b[33m400\u001b[0m 12.198 ms - 1337\u001b[0m","service":"smart-gym-api","timestamp":"2026-05-31T19:54:42.839Z"}
{"level":"warn","message":"[PATCH] /api/v1/users/change-password → 400 [VALIDATION_ERROR]: New password must be at least 8 characters","service":"smart-gym-api","timestamp":"2026-05-31T19:54:43.060Z","userId":"6a1c851542ce69a8604a8b97"}
{"level":"http","message":"\u001b[0mPATCH /api/v1/users/change-password \u001b[33m400\u001b[0m 10.336 ms - 1337\u001b[0m","service":"smart-gym-api","timestamp":"2026-05-31T19:54:43.063Z"}
{"level":"warn","message":"[PATCH] /api/v1/users/change-password → 400 [VALIDATION_ERROR]: New password must be at least 8 characters","service":"smart-gym-api","timestamp":"2026-05-31T19:54:44.745Z","userId":"6a1c851542ce69a8604a8b97"}
{"level":"http","message":"\u001b[0mPATCH /api/v1/users/change-password \u001b[33m400\u001b[0m 12.115 ms - 1337\u001b[0m","service":"smart-gym-api","timestamp":"2026-05-31T19:54:44.749Z"}
{"level":"warn","message":"[PATCH] /api/v1/users/change-password → 400 [VALIDATION_ERROR]: New password must be at least 8 characters","service":"smart-gym-api","timestamp":"2026-05-31T19:54:52.445Z","userId":"6a1c851542ce69a8604a8b97"}
{"level":"http","message":"\u001b[0mPATCH /api/v1/users/change-password \u001b[33m400\u001b[0m 6.576 ms - 1337\u001b[0m","service":"smart-gym-api","timestamp":"2026-05-31T19:54:52.447Z"}
{"level":"warn","message":"[PATCH] /api/v1/users/change-password → 400 [VALIDATION_ERROR]: New password must be at least 8 characters","service":"smart-gym-api","timestamp":"2026-05-31T19:54:53.246Z","userId":"6a1c851542ce69a8604a8b97"}
{"level":"http","message":"\u001b[0mPATCH /api/v1/users/change-password \u001b[33m400\u001b[0m 12.399 ms - 1337\u001b[0m","service":"smart-gym-api","timestamp":"2026-05-31T19:54:53.251Z"}
{"level":"warn","message":"[PATCH] /api/v1/users/change-password → 400 [VALIDATION_ERROR]: New password must be at least 8 characters","service":"smart-gym-api","timestamp":"2026-05-31T19:54:53.383Z","userId":"6a1c851542ce69a8604a8b97"}
{"level":"http","message":"\u001b[0mPATCH /api/v1/users/change-password \u001b[33m400\u001b[0m 7.481 ms - 1337\u001b[0m","service":"smart-gym-api","timestamp":"2026-05-31T19:54:53.386Z"}
{"level":"warn","message":"[PATCH] /api/v1/users/change-password → 400 [VALIDATION_ERROR]: New password must be at least 8 characters","service":"smart-gym-api","timestamp":"2026-05-31T19:54:53.597Z","userId":"6a1c851542ce69a8604a8b97"}
{"level":"http","message":"\u001b[0mPATCH /api/v1/users/change-password \u001b[33m400\u001b[0m 4.954 ms - 1337\u001b[0m","service":"smart-gym-api","timestamp":"2026-05-31T19:54:53.599Z"}
{"level":"warn","message":"[PATCH] /api/v1/users/change-password → 400 [VALIDATION_ERROR]: New password must be at least 8 characters","service":"smart-gym-api","timestamp":"2026-05-31T19:54:54.741Z","userId":"6a1c851542ce69a8604a8b97"}
{"level":"http","message":"\u001b[0mPATCH /api/v1/users/change-password \u001b[33m400\u001b[0m 11.508 ms - 1337\u001b[0m","service":"smart-gym-api","timestamp":"2026-05-31T19:54:54.745Z"}
{"level":"warn","message":"[PATCH] /api/v1/users/change-password → 400 [VALIDATION_ERROR]: New password must be at least 8 characters","service":"smart-gym-api","timestamp":"2026-05-31T19:54:54.876Z","userId":"6a1c851542ce69a8604a8b97"}
{"level":"http","message":"\u001b[0mPATCH /api/v1/users/change-password \u001b[33m400\u001b[0m 6.378 ms - 1337\u001b[0m","service":"smart-gym-api","timestamp":"2026-05-31T19:54:54.879Z"}
{"level":"warn","message":"[PATCH] /api/v1/users/change-password → 400 [VALIDATION_ERROR]: New password must be at least 8 characters","service":"smart-gym-api","timestamp":"2026-05-31T19:54:55.102Z","userId":"6a1c851542ce69a8604a8b97"}
{"level":"http","message":"\u001b[0mPATCH /api/v1/users/change-password \u001b[33m400\u001b[0m 10.638 ms - 1337\u001b[0m","service":"smart-gym-api","timestamp":"2026-05-31T19:54:55.104Z"}
{"level":"info","message":"Password changed for user: 6a1c851542ce69a8604a8b97","service":"smart-gym-api","timestamp":"2026-05-31T19:55:17.404Z"}
{"level":"http","message":"\u001b[0mPATCH /api/v1/users/change-password \u001b[32m200\u001b[0m 1514.557 ms - 71\u001b[0m","service":"smart-gym-api","timestamp":"2026-05-31T19:55:17.406Z"}
{"level":"warn","message":"[PATCH] /api/v1/users/change-password → 401 [TOKEN_INVALID]: Your password was recently changed. Please log in again.","service":"smart-gym-api","timestamp":"2026-05-31T19:55:17.412Z","userId":"anon"}
{"level":"http","message":"\u001b[0mPATCH /api/v1/users/change-password \u001b[33m401\u001b[0m 4.963 ms - 365\u001b[0m","service":"smart-gym-api","timestamp":"2026-05-31T19:55:17.414Z"}
{"level":"warn","message":"[PATCH] /api/v1/users/avatar → 401 [TOKEN_MISSING]: Authentication required. Please provide a Bearer token.","service":"smart-gym-api","timestamp":"2026-05-31T19:55:40.805Z","userId":"anon"}
{"level":"http","message":"\u001b[0mPATCH /api/v1/users/avatar \u001b[33m401\u001b[0m 1.859 ms - 1286\u001b[0m","service":"smart-gym-api","timestamp":"2026-05-31T19:55:40.807Z"}
{"level":"warn","message":"SIGINT received — shutting down gracefully…","service":"smart-gym-api","timestamp":"2026-05-31T20:15:50.484Z"}
{"level":"info","message":"MongoDB connected: localhost","service":"smart-gym-api","timestamp":"2026-05-31T20:23:15.243Z"}
{"level":"info","message":"🚀  Smart Gym API running on port 5000 [development]","service":"smart-gym-api","timestamp":"2026-05-31T20:23:15.254Z"}
{"level":"warn","message":"[POST] /api/v1/auth/register → 400 [VALIDATION_ERROR]: Please enter a valid Egyptian phone number (e.g. 01012345678)","service":"smart-gym-api","timestamp":"2026-05-31T20:24:16.067Z","userId":"anon"}
{"level":"http","message":"\u001b[0mPOST /api/v1/auth/register \u001b[33m400\u001b[0m 15.801 ms - 1438\u001b[0m","service":"smart-gym-api","timestamp":"2026-05-31T20:24:16.075Z"}
{"level":"info","message":"New user registered: dd@gmail.com (user)","service":"smart-gym-api","timestamp":"2026-05-31T20:25:37.964Z"}
{"level":"http","message":"\u001b[0mPOST /api/v1/auth/register \u001b[32m201\u001b[0m 959.655 ms - 429\u001b[0m","service":"smart-gym-api","timestamp":"2026-05-31T20:25:37.967Z"}
{"level":"http","message":"\u001b[0mGET /api/v1/exercises \u001b[36m304\u001b[0m 68.299 ms - -\u001b[0m","service":"smart-gym-api","timestamp":"2026-05-31T20:25:38.200Z"}
{"level":"http","message":"\u001b[0mGET /api/v1/subscriptions/my \u001b[36m304\u001b[0m 83.752 ms - -\u001b[0m","service":"smart-gym-api","timestamp":"2026-05-31T20:25:38.238Z"}
{"level":"http","message":"\u001b[0mGET /api/v1/users/profile \u001b[32m200\u001b[0m 134.300 ms - 472\u001b[0m","service":"smart-gym-api","timestamp":"2026-05-31T20:25:38.249Z"}
{"level":"http","message":"\u001b[0mGET /api/v1/workout-plans \u001b[36m304\u001b[0m 114.148 ms - -\u001b[0m","service":"smart-gym-api","timestamp":"2026-05-31T20:25:38.264Z"}
{"level":"http","message":"\u001b[0mGET /api/v1/attendance/my \u001b[36m304\u001b[0m 110.884 ms - -\u001b[0m","service":"smart-gym-api","timestamp":"2026-05-31T20:25:38.273Z"}
{"level":"http","message":"\u001b[0mGET /api/v1/progress/body \u001b[32m200\u001b[0m 77.915 ms - 96\u001b[0m","service":"smart-gym-api","timestamp":"2026-05-31T20:25:38.332Z"}
{"level":"http","message":"\u001b[0mGET /api/v1/progress/workout \u001b[36m304\u001b[0m 76.837 ms - -\u001b[0m","service":"smart-gym-api","timestamp":"2026-05-31T20:25:38.354Z"}
{"level":"http","message":"\u001b[0mGET /api/v1/payments/my \u001b[36m304\u001b[0m 67.941 ms - -\u001b[0m","service":"smart-gym-api","timestamp":"2026-05-31T20:25:38.367Z"}
{"level":"http","message":"\u001b[0mGET /api/v1/attendance/stats \u001b[36m304\u001b[0m 219.288 ms - -\u001b[0m","service":"smart-gym-api","timestamp":"2026-05-31T20:25:38.386Z"}
{"level":"http","message":"\u001b[0mGET /api/v1/progress/stats \u001b[36m304\u001b[0m 104.084 ms - -\u001b[0m","service":"smart-gym-api","timestamp":"2026-05-31T20:25:38.389Z"}
{"level":"debug","message":"Cloudinary delete [image] /res.cloudinary.com/smartgym/default-avatar: not found","service":"smart-gym-api","timestamp":"2026-05-31T20:25:56.921Z"}
{"level":"info","message":"Avatar updated for user: 6a1c99419f6d4a83fd05589e","service":"smart-gym-api","timestamp":"2026-05-31T20:25:56.947Z"}
{"level":"http","message":"\u001b[0mPATCH /api/v1/users/avatar \u001b[32m200\u001b[0m 2015.733 ms - 579\u001b[0m","service":"smart-gym-api","timestamp":"2026-05-31T20:25:56.964Z"}
{"level":"warn","message":"[POST] /api/v1/workout-plans/generate → 400 [VALIDATION_ERROR]: Cast to ObjectId failed for value \"auto\" (type string) at path \"createdBy\" because of \"BSONError\"; Training days per week is required; Invalid goal: fitness; Path `dayNumber` is required.; Path `dayNumber` is required.; Path `dayNumber` is required.; Path `order` is required.","service":"smart-gym-api","timestamp":"2026-05-31T20:28:23.290Z","userId":"6a1c99419f6d4a83fd05589e"}
{"level":"http","message":"\u001b[0mPOST /api/v1/workout-plans/generate \u001b[33m400\u001b[0m 42.101 ms - 1823\u001b[0m","service":"smart-gym-api","timestamp":"2026-05-31T20:28:23.294Z"}
{"level":"warn","message":"[POST] /api/v1/workout-plans/generate → 400 [VALIDATION_ERROR]: Cast to ObjectId failed for value \"auto\" (type string) at path \"createdBy\" because of \"BSONError\"; Training days per week is required; Invalid goal: fitness; Path `dayNumber` is required.; Path `dayNumber` is required.; Path `dayNumber` is required.; Path `order` is required.","service":"smart-gym-api","timestamp":"2026-05-31T20:28:24.924Z","userId":"6a1c99419f6d4a83fd05589e"}
{"level":"http","message":"\u001b[0mPOST /api/v1/workout-plans/generate \u001b[33m400\u001b[0m 27.950 ms - 1823\u001b[0m","service":"smart-gym-api","timestamp":"2026-05-31T20:28:24.926Z"}
{"level":"warn","message":"SIGINT received — shutting down gracefully…","service":"smart-gym-api","timestamp":"2026-05-31T20:37:16.264Z"}
{"level":"info","message":"MongoDB connected: localhost","service":"smart-gym-api","timestamp":"2026-05-31T21:01:05.015Z"}
{"level":"info","message":"🚀  Smart Gym API running on port 5000 [development]","service":"smart-gym-api","timestamp":"2026-05-31T21:01:05.028Z"}
{"level":"info","message":"User logged in: dd@gmail.com","service":"smart-gym-api","timestamp":"2026-05-31T21:02:14.345Z"}
{"level":"http","message":"\u001b[0mPOST /api/v1/auth/login \u001b[32m200\u001b[0m 849.869 ms - 424\u001b[0m","service":"smart-gym-api","timestamp":"2026-05-31T21:02:14.353Z"}
{"level":"warn","message":"[GET] /api/v1/admin/dashboard → 404 [INTERNAL_ERROR]: Cannot GET /api/v1/admin/dashboard","service":"smart-gym-api","timestamp":"2026-05-31T21:02:14.483Z","userId":"anon"}
{"level":"http","message":"\u001b[0mGET /api/v1/admin/dashboard \u001b[33m404\u001b[0m 6.855 ms - 1215\u001b[0m","service":"smart-gym-api","timestamp":"2026-05-31T21:02:14.488Z"}
{"level":"warn","message":"[GET] /api/v1/admin/users → 404 [INTERNAL_ERROR]: Cannot GET /api/v1/admin/users","service":"smart-gym-api","timestamp":"2026-05-31T21:02:14.493Z","userId":"anon"}
{"level":"http","message":"\u001b[0mGET /api/v1/admin/users \u001b[33m404\u001b[0m 2.826 ms - 1207\u001b[0m","service":"smart-gym-api","timestamp":"2026-05-31T21:02:14.495Z"}
{"level":"http","message":"\u001b[0mGET /api/v1/machines \u001b[32m200\u001b[0m 23.471 ms - 89\u001b[0m","service":"smart-gym-api","timestamp":"2026-05-31T21:02:14.529Z"}
{"level":"http","message":"\u001b[0mGET /api/v1/trainers \u001b[32m200\u001b[0m 23.740 ms - 89\u001b[0m","service":"smart-gym-api","timestamp":"2026-05-31T21:02:14.544Z"}
{"level":"http","message":"\u001b[0mGET /api/v1/subscriptions \u001b[32m200\u001b[0m 105.792 ms - 1789\u001b[0m","service":"smart-gym-api","timestamp":"2026-05-31T21:02:14.639Z"}
{"level":"http","message":"\u001b[0mGET /api/v1/attendance \u001b[32m200\u001b[0m 112.371 ms - 795\u001b[0m","service":"smart-gym-api","timestamp":"2026-05-31T21:02:14.650Z"}
{"level":"warn","message":"[GET] /api/v1/admin/dashboard → 404 [INTERNAL_ERROR]: Cannot GET /api/v1/admin/dashboard","service":"smart-gym-api","timestamp":"2026-05-31T21:03:00.781Z","userId":"anon"}
{"level":"http","message":"\u001b[0mGET /api/v1/admin/dashboard \u001b[33m404\u001b[0m 3.532 ms - 1215\u001b[0m","service":"smart-gym-api","timestamp":"2026-05-31T21:03:00.785Z"}
{"level":"warn","message":"[GET] /api/v1/admin/users → 404 [INTERNAL_ERROR]: Cannot GET /api/v1/admin/users","service":"smart-gym-api","timestamp":"2026-05-31T21:03:00.787Z","userId":"anon"}
{"level":"http","message":"\u001b[0mGET /api/v1/admin/users \u001b[33m404\u001b[0m 2.076 ms - 1207\u001b[0m","service":"smart-gym-api","timestamp":"2026-05-31T21:03:00.791Z"}
{"level":"http","message":"\u001b[0mGET /api/v1/machines \u001b[36m304\u001b[0m 24.897 ms - -\u001b[0m","service":"smart-gym-api","timestamp":"2026-05-31T21:03:00.820Z"}
{"level":"http","message":"\u001b[0mGET /api/v1/trainers \u001b[36m304\u001b[0m 26.487 ms - -\u001b[0m","service":"smart-gym-api","timestamp":"2026-05-31T21:03:00.833Z"}
{"level":"http","message":"\u001b[0mGET /api/v1/subscriptions \u001b[36m304\u001b[0m 61.446 ms - -\u001b[0m","service":"smart-gym-api","timestamp":"2026-05-31T21:03:00.862Z"}
{"level":"http","message":"\u001b[0mGET /api/v1/attendance \u001b[36m304\u001b[0m 59.545 ms - -\u001b[0m","service":"smart-gym-api","timestamp":"2026-05-31T21:03:00.871Z"}
{"level":"warn","message":"[GET] /api/v1/admin/dashboard → 404 [INTERNAL_ERROR]: Cannot GET /api/v1/admin/dashboard","service":"smart-gym-api","timestamp":"2026-05-31T21:09:41.825Z","userId":"anon"}
{"level":"http","message":"\u001b[0mGET /api/v1/admin/dashboard \u001b[33m404\u001b[0m 5.333 ms - 1215\u001b[0m","service":"smart-gym-api","timestamp":"2026-05-31T21:09:41.831Z"}
{"level":"warn","message":"[GET] /api/v1/admin/users → 404 [INTERNAL_ERROR]: Cannot GET /api/v1/admin/users","service":"smart-gym-api","timestamp":"2026-05-31T21:09:41.844Z","userId":"anon"}
{"level":"http","message":"\u001b[0mGET /api/v1/admin/users \u001b[33m404\u001b[0m 5.954 ms - 1207\u001b[0m","service":"smart-gym-api","timestamp":"2026-05-31T21:09:41.850Z"}
{"level":"http","message":"\u001b[0mGET /api/v1/machines \u001b[36m304\u001b[0m 31.916 ms - -\u001b[0m","service":"smart-gym-api","timestamp":"2026-05-31T21:09:41.868Z"}
{"level":"http","message":"\u001b[0mGET /api/v1/trainers \u001b[36m304\u001b[0m 33.727 ms - -\u001b[0m","service":"smart-gym-api","timestamp":"2026-05-31T21:09:41.887Z"}
{"level":"http","message":"\u001b[0mGET /api/v1/subscriptions \u001b[36m304\u001b[0m 65.522 ms - -\u001b[0m","service":"smart-gym-api","timestamp":"2026-05-31T21:09:41.941Z"}
{"level":"http","message":"\u001b[0mGET /api/v1/attendance \u001b[36m304\u001b[0m 72.795 ms - -\u001b[0m","service":"smart-gym-api","timestamp":"2026-05-31T21:09:41.953Z"}
{"level":"warn","message":"[GET] /api/v1/admin/dashboard → 404 [INTERNAL_ERROR]: Cannot GET /api/v1/admin/dashboard","service":"smart-gym-api","timestamp":"2026-05-31T21:15:15.951Z","userId":"anon"}
{"level":"http","message":"\u001b[0mGET /api/v1/admin/dashboard \u001b[33m404\u001b[0m 2.277 ms - 1215\u001b[0m","service":"smart-gym-api","timestamp":"2026-05-31T21:15:15.953Z"}
{"level":"warn","message":"[GET] /api/v1/admin/users → 404 [INTERNAL_ERROR]: Cannot GET /api/v1/admin/users","service":"smart-gym-api","timestamp":"2026-05-31T21:15:15.956Z","userId":"anon"}
{"level":"http","message":"\u001b[0mGET /api/v1/admin/users \u001b[33m404\u001b[0m 6.196 ms - 1207\u001b[0m","service":"smart-gym-api","timestamp":"2026-05-31T21:15:15.962Z"}
{"level":"http","message":"\u001b[0mGET /api/v1/machines \u001b[36m304\u001b[0m 21.262 ms - -\u001b[0m","service":"smart-gym-api","timestamp":"2026-05-31T21:15:15.990Z"}
{"level":"http","message":"\u001b[0mGET /api/v1/trainers \u001b[36m304\u001b[0m 30.911 ms - -\u001b[0m","service":"smart-gym-api","timestamp":"2026-05-31T21:15:16.006Z"}
{"level":"http","message":"\u001b[0mGET /api/v1/subscriptions \u001b[36m304\u001b[0m 77.774 ms - -\u001b[0m","service":"smart-gym-api","timestamp":"2026-05-31T21:15:16.060Z"}
{"level":"http","message":"\u001b[0mGET /api/v1/attendance \u001b[36m304\u001b[0m 51.255 ms - -\u001b[0m","service":"smart-gym-api","timestamp":"2026-05-31T21:15:16.068Z"}
{"level":"warn","message":"[POST] /api/v1/auth/login → 401 [INTERNAL_ERROR]: Invalid email or password.","service":"smart-gym-api","timestamp":"2026-05-31T21:46:37.323Z","userId":"anon"}
{"level":"http","message":"\u001b[0mPOST /api/v1/auth/login \u001b[33m401\u001b[0m 12.516 ms - 439\u001b[0m","service":"smart-gym-api","timestamp":"2026-05-31T21:46:37.326Z"}
{"level":"info","message":"User logged in: dd@gmail.com","service":"smart-gym-api","timestamp":"2026-05-31T21:52:59.559Z"}
{"level":"http","message":"\u001b[0mPOST /api/v1/auth/login \u001b[32m200\u001b[0m 280.587 ms - 424\u001b[0m","service":"smart-gym-api","timestamp":"2026-05-31T21:52:59.561Z"}
{"level":"http","message":"\u001b[0mGET /api/v1/users \u001b[32m200\u001b[0m 22.994 ms - 6117\u001b[0m","service":"smart-gym-api","timestamp":"2026-05-31T21:52:59.641Z"}
{"level":"http","message":"\u001b[0mGET /api/v1/machines \u001b[36m304\u001b[0m 17.552 ms - -\u001b[0m","service":"smart-gym-api","timestamp":"2026-05-31T21:52:59.648Z"}
{"level":"http","message":"\u001b[0mGET /api/v1/trainers \u001b[36m304\u001b[0m 9.225 ms - -\u001b[0m","service":"smart-gym-api","timestamp":"2026-05-31T21:52:59.654Z"}
{"level":"http","message":"\u001b[0mGET /api/v1/subscriptions \u001b[36m304\u001b[0m 21.115 ms - -\u001b[0m","service":"smart-gym-api","timestamp":"2026-05-31T21:52:59.671Z"}
{"level":"http","message":"\u001b[0mGET /api/v1/attendance \u001b[36m304\u001b[0m 22.200 ms - -\u001b[0m","service":"smart-gym-api","timestamp":"2026-05-31T21:52:59.674Z"}
{"level":"warn","message":"[POST] /api/v1/machines → 400 [VALIDATION_ERROR]: Category is required; At least one muscle group is required","service":"smart-gym-api","timestamp":"2026-05-31T21:53:54.420Z","userId":"6a1c99419f6d4a83fd05589e"}
{"level":"http","message":"\u001b[0mPOST /api/v1/machines \u001b[33m400\u001b[0m 21.772 ms - 653\u001b[0m","service":"smart-gym-api","timestamp":"2026-05-31T21:53:54.421Z"}
{"level":"warn","message":"[POST] /api/v1/machines → 400 [VALIDATION_ERROR]: Category is required; At least one muscle group is required","service":"smart-gym-api","timestamp":"2026-05-31T21:53:56.310Z","userId":"6a1c99419f6d4a83fd05589e"}
{"level":"http","message":"\u001b[0mPOST /api/v1/machines \u001b[33m400\u001b[0m 4.188 ms - 653\u001b[0m","service":"smart-gym-api","timestamp":"2026-05-31T21:53:56.311Z"}
{"level":"warn","message":"[POST] /api/v1/machines → 400 [VALIDATION_ERROR]: Category is required; At least one muscle group is required","service":"smart-gym-api","timestamp":"2026-05-31T21:53:57.278Z","userId":"6a1c99419f6d4a83fd05589e"}
{"level":"http","message":"\u001b[0mPOST /api/v1/machines \u001b[33m400\u001b[0m 3.489 ms - 653\u001b[0m","service":"smart-gym-api","timestamp":"2026-05-31T21:53:57.279Z"}
{"level":"warn","message":"[POST] /api/v1/machines → 400 [VALIDATION_ERROR]: Category is required; At least one muscle group is required","service":"smart-gym-api","timestamp":"2026-05-31T21:54:00.076Z","userId":"6a1c99419f6d4a83fd05589e"}
{"level":"http","message":"\u001b[0mPOST /api/v1/machines \u001b[33m400\u001b[0m 2.989 ms - 653\u001b[0m","service":"smart-gym-api","timestamp":"2026-05-31T21:54:00.077Z"}
{"level":"warn","message":"[POST] /api/v1/machines → 400 [VALIDATION_ERROR]: Category is required; At least one muscle group is required","service":"smart-gym-api","timestamp":"2026-05-31T21:54:00.610Z","userId":"6a1c99419f6d4a83fd05589e"}
{"level":"http","message":"\u001b[0mPOST /api/v1/machines \u001b[33m400\u001b[0m 3.397 ms - 653\u001b[0m","service":"smart-gym-api","timestamp":"2026-05-31T21:54:00.611Z"}
{"level":"warn","message":"[POST] /api/v1/machines → 400 [VALIDATION_ERROR]: Category is required; At least one muscle group is required","service":"smart-gym-api","timestamp":"2026-05-31T21:54:00.826Z","userId":"6a1c99419f6d4a83fd05589e"}
{"level":"http","message":"\u001b[0mPOST /api/v1/machines \u001b[33m400\u001b[0m 4.849 ms - 653\u001b[0m","service":"smart-gym-api","timestamp":"2026-05-31T21:54:00.827Z"}
{"level":"warn","message":"[POST] /api/v1/machines → 400 [VALIDATION_ERROR]: Category is required; At least one muscle group is required","service":"smart-gym-api","timestamp":"2026-05-31T21:54:02.147Z","userId":"6a1c99419f6d4a83fd05589e"}
{"level":"http","message":"\u001b[0mPOST /api/v1/machines \u001b[33m400\u001b[0m 4.846 ms - 653\u001b[0m","service":"smart-gym-api","timestamp":"2026-05-31T21:54:02.148Z"}
{"level":"warn","message":"[POST] /api/v1/machines → 400 [VALIDATION_ERROR]: Category is required; At least one muscle group is required","service":"smart-gym-api","timestamp":"2026-05-31T21:54:03.353Z","userId":"6a1c99419f6d4a83fd05589e"}
{"level":"http","message":"\u001b[0mPOST /api/v1/machines \u001b[33m400\u001b[0m 3.307 ms - 653\u001b[0m","service":"smart-gym-api","timestamp":"2026-05-31T21:54:03.353Z"}
{"level":"warn","message":"[POST] /api/v1/machines → 400 [VALIDATION_ERROR]: Category is required; At least one muscle group is required","service":"smart-gym-api","timestamp":"2026-05-31T21:54:05.667Z","userId":"6a1c99419f6d4a83fd05589e"}
{"level":"http","message":"\u001b[0mPOST /api/v1/machines \u001b[33m400\u001b[0m 4.151 ms - 653\u001b[0m","service":"smart-gym-api","timestamp":"2026-05-31T21:54:05.668Z"}
{"level":"warn","message":"[POST] /api/v1/machines → 400 [VALIDATION_ERROR]: Category is required; At least one muscle group is required","service":"smart-gym-api","timestamp":"2026-05-31T21:54:05.864Z","userId":"6a1c99419f6d4a83fd05589e"}
{"level":"http","message":"\u001b[0mPOST /api/v1/machines \u001b[33m400\u001b[0m 4.256 ms - 653\u001b[0m","service":"smart-gym-api","timestamp":"2026-05-31T21:54:05.866Z"}
{"level":"warn","message":"[POST] /api/v1/machines → 400 [VALIDATION_ERROR]: Category is required; At least one muscle group is required","service":"smart-gym-api","timestamp":"2026-05-31T21:54:06.122Z","userId":"6a1c99419f6d4a83fd05589e"}
{"level":"http","message":"\u001b[0mPOST /api/v1/machines \u001b[33m400\u001b[0m 11.477 ms - 653\u001b[0m","service":"smart-gym-api","timestamp":"2026-05-31T21:54:06.125Z"}
{"level":"warn","message":"[POST] /api/v1/machines → 400 [VALIDATION_ERROR]: Category is required; At least one muscle group is required","service":"smart-gym-api","timestamp":"2026-05-31T21:54:06.259Z","userId":"6a1c99419f6d4a83fd05589e"}
{"level":"http","message":"\u001b[0mPOST /api/v1/machines \u001b[33m400\u001b[0m 3.291 ms - 653\u001b[0m","service":"smart-gym-api","timestamp":"2026-05-31T21:54:06.260Z"}
{"level":"warn","message":"[POST] /api/v1/machines → 400 [VALIDATION_ERROR]: Category is required; At least one muscle group is required","service":"smart-gym-api","timestamp":"2026-05-31T21:54:06.543Z","userId":"6a1c99419f6d4a83fd05589e"}
{"level":"http","message":"\u001b[0mPOST /api/v1/machines \u001b[33m400\u001b[0m 11.256 ms - 653\u001b[0m","service":"smart-gym-api","timestamp":"2026-05-31T21:54:06.546Z"}
{"level":"warn","message":"[POST] /api/v1/machines → 400 [VALIDATION_ERROR]: Category is required; At least one muscle group is required","service":"smart-gym-api","timestamp":"2026-05-31T21:54:06.703Z","userId":"6a1c99419f6d4a83fd05589e"}
{"level":"http","message":"\u001b[0mPOST /api/v1/machines \u001b[33m400\u001b[0m 4.074 ms - 653\u001b[0m","service":"smart-gym-api","timestamp":"2026-05-31T21:54:06.704Z"}
{"level":"warn","message":"[POST] /api/v1/machines → 400 [VALIDATION_ERROR]: Category is required; At least one muscle group is required","service":"smart-gym-api","timestamp":"2026-05-31T21:54:06.927Z","userId":"6a1c99419f6d4a83fd05589e"}
{"level":"http","message":"\u001b[0mPOST /api/v1/machines \u001b[33m400\u001b[0m 2.717 ms - 653\u001b[0m","service":"smart-gym-api","timestamp":"2026-05-31T21:54:06.928Z"}
{"level":"warn","message":"[POST] /api/v1/machines → 400 [VALIDATION_ERROR]: Category is required; At least one muscle group is required","service":"smart-gym-api","timestamp":"2026-05-31T21:55:36.828Z","userId":"6a1c99419f6d4a83fd05589e"}
{"level":"http","message":"\u001b[0mPOST /api/v1/machines \u001b[33m400\u001b[0m 6.202 ms - 653\u001b[0m","service":"smart-gym-api","timestamp":"2026-05-31T21:55:36.829Z"}
{"level":"warn","message":"[POST] /api/v1/machines → 400 [VALIDATION_ERROR]: Category is required; At least one muscle group is required","service":"smart-gym-api","timestamp":"2026-05-31T21:55:37.034Z","userId":"6a1c99419f6d4a83fd05589e"}
{"level":"http","message":"\u001b[0mPOST /api/v1/machines \u001b[33m400\u001b[0m 4.048 ms - 653\u001b[0m","service":"smart-gym-api","timestamp":"2026-05-31T21:55:37.035Z"}
{"level":"warn","message":"[POST] /api/v1/machines → 400 [VALIDATION_ERROR]: Category is required; At least one muscle group is required","service":"smart-gym-api","timestamp":"2026-05-31T21:55:37.625Z","userId":"6a1c99419f6d4a83fd05589e"}
{"level":"http","message":"\u001b[0mPOST /api/v1/machines \u001b[33m400\u001b[0m 7.928 ms - 653\u001b[0m","service":"smart-gym-api","timestamp":"2026-05-31T21:55:37.627Z"}
{"level":"warn","message":"[POST] /api/v1/machines → 400 [VALIDATION_ERROR]: Category is required; At least one muscle group is required","service":"smart-gym-api","timestamp":"2026-05-31T21:55:37.809Z","userId":"6a1c99419f6d4a83fd05589e"}
{"level":"http","message":"\u001b[0mPOST /api/v1/machines \u001b[33m400\u001b[0m 10.904 ms - 653\u001b[0m","service":"smart-gym-api","timestamp":"2026-05-31T21:55:37.812Z"}
{"level":"warn","message":"[POST] /api/v1/machines → 400 [VALIDATION_ERROR]: Category is required; At least one muscle group is required","service":"smart-gym-api","timestamp":"2026-05-31T21:55:37.999Z","userId":"6a1c99419f6d4a83fd05589e"}
{"level":"http","message":"\u001b[0mPOST /api/v1/machines \u001b[33m400\u001b[0m 11.441 ms - 653\u001b[0m","service":"smart-gym-api","timestamp":"2026-05-31T21:55:38.001Z"}
{"level":"warn","message":"[POST] /api/v1/machines → 400 [VALIDATION_ERROR]: Category is required; At least one muscle group is required","service":"smart-gym-api","timestamp":"2026-05-31T21:55:50.337Z","userId":"6a1c99419f6d4a83fd05589e"}
{"level":"http","message":"\u001b[0mPOST /api/v1/machines \u001b[33m400\u001b[0m 4.536 ms - 653\u001b[0m","service":"smart-gym-api","timestamp":"2026-05-31T21:55:50.338Z"}
{"level":"warn","message":"[POST] /api/v1/machines → 400 [VALIDATION_ERROR]: Category is required; At least one muscle group is required","service":"smart-gym-api","timestamp":"2026-05-31T21:55:51.220Z","userId":"6a1c99419f6d4a83fd05589e"}
{"level":"http","message":"\u001b[0mPOST /api/v1/machines \u001b[33m400\u001b[0m 4.013 ms - 653\u001b[0m","service":"smart-gym-api","timestamp":"2026-05-31T21:55:51.221Z"}
{"level":"warn","message":"[POST] /api/v1/machines → 400 [VALIDATION_ERROR]: Category is required; At least one muscle group is required","service":"smart-gym-api","timestamp":"2026-05-31T21:55:51.379Z","userId":"6a1c99419f6d4a83fd05589e"}
{"level":"http","message":"\u001b[0mPOST /api/v1/machines \u001b[33m400\u001b[0m 2.818 ms - 653\u001b[0m","service":"smart-gym-api","timestamp":"2026-05-31T21:55:51.379Z"}
{"level":"warn","message":"[POST] /api/v1/machines → 400 [VALIDATION_ERROR]: Category is required; At least one muscle group is required","service":"smart-gym-api","timestamp":"2026-05-31T21:55:51.596Z","userId":"6a1c99419f6d4a83fd05589e"}
{"level":"http","message":"\u001b[0mPOST /api/v1/machines \u001b[33m400\u001b[0m 4.290 ms - 653\u001b[0m","service":"smart-gym-api","timestamp":"2026-05-31T21:55:51.598Z"}
{"level":"warn","message":"[POST] /api/v1/machines → 400 [VALIDATION_ERROR]: Category is required; At least one muscle group is required","service":"smart-gym-api","timestamp":"2026-05-31T21:55:52.098Z","userId":"6a1c99419f6d4a83fd05589e"}
{"level":"http","message":"\u001b[0mPOST /api/v1/machines \u001b[33m400\u001b[0m 3.813 ms - 653\u001b[0m","service":"smart-gym-api","timestamp":"2026-05-31T21:55:52.100Z"}
{"level":"warn","message":"[POST] /api/v1/machines → 400 [VALIDATION_ERROR]: Category is required; At least one muscle group is required","service":"smart-gym-api","timestamp":"2026-05-31T21:55:52.244Z","userId":"6a1c99419f6d4a83fd05589e"}
{"level":"http","message":"\u001b[0mPOST /api/v1/machines \u001b[33m400\u001b[0m 25.882 ms - 653\u001b[0m","service":"smart-gym-api","timestamp":"2026-05-31T21:55:52.267Z"}
{"level":"warn","message":"[POST] /api/v1/machines → 400 [VALIDATION_ERROR]: Category is required; At least one muscle group is required","service":"smart-gym-api","timestamp":"2026-05-31T21:55:52.451Z","userId":"6a1c99419f6d4a83fd05589e"}
{"level":"http","message":"\u001b[0mPOST /api/v1/machines \u001b[33m400\u001b[0m 11.778 ms - 653\u001b[0m","service":"smart-gym-api","timestamp":"2026-05-31T21:55:52.455Z"}
{"level":"warn","message":"[POST] /api/v1/machines → 400 [VALIDATION_ERROR]: Category is required; At least one muscle group is required","service":"smart-gym-api","timestamp":"2026-05-31T21:55:52.652Z","userId":"6a1c99419f6d4a83fd05589e"}
{"level":"http","message":"\u001b[0mPOST /api/v1/machines \u001b[33m400\u001b[0m 2.597 ms - 653\u001b[0m","service":"smart-gym-api","timestamp":"2026-05-31T21:55:52.652Z"}
{"level":"warn","message":"[POST] /api/v1/machines → 400 [VALIDATION_ERROR]: Category is required; At least one muscle group is required","service":"smart-gym-api","timestamp":"2026-05-31T21:55:53.174Z","userId":"6a1c99419f6d4a83fd05589e"}
{"level":"http","message":"\u001b[0mPOST /api/v1/machines \u001b[33m400\u001b[0m 3.327 ms - 653\u001b[0m","service":"smart-gym-api","timestamp":"2026-05-31T21:55:53.176Z"}
{"level":"warn","message":"[POST] /api/v1/machines → 400 [VALIDATION_ERROR]: Category is required; At least one muscle group is required","service":"smart-gym-api","timestamp":"2026-05-31T21:55:53.335Z","userId":"6a1c99419f6d4a83fd05589e"}
{"level":"http","message":"\u001b[0mPOST /api/v1/machines \u001b[33m400\u001b[0m 2.750 ms - 653\u001b[0m","service":"smart-gym-api","timestamp":"2026-05-31T21:55:53.336Z"}
{"level":"warn","message":"[POST] /api/v1/machines → 400 [VALIDATION_ERROR]: Category is required; At least one muscle group is required","service":"smart-gym-api","timestamp":"2026-05-31T21:55:53.488Z","userId":"6a1c99419f6d4a83fd05589e"}
{"level":"http","message":"\u001b[0mPOST /api/v1/machines \u001b[33m400\u001b[0m 2.954 ms - 653\u001b[0m","service":"smart-gym-api","timestamp":"2026-05-31T21:55:53.489Z"}
{"level":"warn","message":"[POST] /api/v1/machines → 400 [VALIDATION_ERROR]: Category is required; At least one muscle group is required","service":"smart-gym-api","timestamp":"2026-05-31T21:55:53.716Z","userId":"6a1c99419f6d4a83fd05589e"}
{"level":"http","message":"\u001b[0mPOST /api/v1/machines \u001b[33m400\u001b[0m 5.175 ms - 653\u001b[0m","service":"smart-gym-api","timestamp":"2026-05-31T21:55:53.717Z"}
{"level":"info","message":"User logged in: dd@gmail.com","service":"smart-gym-api","timestamp":"2026-05-31T22:16:19.738Z"}
{"level":"http","message":"\u001b[0mPOST /api/v1/auth/login \u001b[32m200\u001b[0m 504.381 ms - 424\u001b[0m","service":"smart-gym-api","timestamp":"2026-05-31T22:16:19.739Z"}
{"level":"http","message":"\u001b[0mGET /api/v1/users \u001b[36m304\u001b[0m 35.001 ms - -\u001b[0m","service":"smart-gym-api","timestamp":"2026-05-31T22:16:19.881Z"}
{"level":"http","message":"\u001b[0mGET /api/v1/machines \u001b[36m304\u001b[0m 26.451 ms - -\u001b[0m","service":"smart-gym-api","timestamp":"2026-05-31T22:16:19.894Z"}
{"level":"http","message":"\u001b[0mGET /api/v1/trainers \u001b[36m304\u001b[0m 17.701 ms - -\u001b[0m","service":"smart-gym-api","timestamp":"2026-05-31T22:16:19.922Z"}
{"level":"http","message":"\u001b[0mGET /api/v1/subscriptions \u001b[36m304\u001b[0m 58.503 ms - -\u001b[0m","service":"smart-gym-api","timestamp":"2026-05-31T22:16:19.949Z"}
{"level":"http","message":"\u001b[0mGET /api/v1/attendance \u001b[36m304\u001b[0m 51.218 ms - -\u001b[0m","service":"smart-gym-api","timestamp":"2026-05-31T22:16:19.964Z"}
{"level":"warn","message":"[POST] /api/v1/machines → 400 [VALIDATION_ERROR]: Category is required; At least one muscle group is required","service":"smart-gym-api","timestamp":"2026-05-31T22:16:52.664Z","userId":"6a1c99419f6d4a83fd05589e"}
{"level":"http","message":"\u001b[0mPOST /api/v1/machines \u001b[33m400\u001b[0m 7.872 ms - 653\u001b[0m","service":"smart-gym-api","timestamp":"2026-05-31T22:16:52.666Z"}
{"level":"warn","message":"[POST] /api/v1/machines → 400 [VALIDATION_ERROR]: Category is required; At least one muscle group is required","service":"smart-gym-api","timestamp":"2026-05-31T22:16:54.043Z","userId":"6a1c99419f6d4a83fd05589e"}
{"level":"http","message":"\u001b[0mPOST /api/v1/machines \u001b[33m400\u001b[0m 3.941 ms - 653\u001b[0m","service":"smart-gym-api","timestamp":"2026-05-31T22:16:54.044Z"}
{"level":"warn","message":"[POST] /api/v1/machines → 400 [VALIDATION_ERROR]: Category is required; At least one muscle group is required","service":"smart-gym-api","timestamp":"2026-05-31T22:16:55.071Z","userId":"6a1c99419f6d4a83fd05589e"}
{"level":"http","message":"\u001b[0mPOST /api/v1/machines \u001b[33m400\u001b[0m 5.266 ms - 653\u001b[0m","service":"smart-gym-api","timestamp":"2026-05-31T22:16:55.072Z"}
{"level":"warn","message":"[POST] /api/v1/machines → 400 [VALIDATION_ERROR]: Category is required; At least one muscle group is required","service":"smart-gym-api","timestamp":"2026-05-31T22:16:55.284Z","userId":"6a1c99419f6d4a83fd05589e"}
{"level":"http","message":"\u001b[0mPOST /api/v1/machines \u001b[33m400\u001b[0m 4.724 ms - 653\u001b[0m","service":"smart-gym-api","timestamp":"2026-05-31T22:16:55.287Z"}
{"level":"warn","message":"[POST] /api/v1/machines → 400 [VALIDATION_ERROR]: Category is required; At least one muscle group is required","service":"smart-gym-api","timestamp":"2026-05-31T22:16:56.223Z","userId":"6a1c99419f6d4a83fd05589e"}
{"level":"http","message":"\u001b[0mPOST /api/v1/machines \u001b[33m400\u001b[0m 3.759 ms - 653\u001b[0m","service":"smart-gym-api","timestamp":"2026-05-31T22:16:56.224Z"}
{"level":"warn","message":"[POST] /api/v1/machines → 400 [VALIDATION_ERROR]: Category is required; At least one muscle group is required","service":"smart-gym-api","timestamp":"2026-05-31T22:16:56.447Z","userId":"6a1c99419f6d4a83fd05589e"}
{"level":"http","message":"\u001b[0mPOST /api/v1/machines \u001b[33m400\u001b[0m 4.315 ms - 653\u001b[0m","service":"smart-gym-api","timestamp":"2026-05-31T22:16:56.448Z"}
{"level":"http","message":"\u001b[0mGET /api/v1/users \u001b[36m304\u001b[0m 45.839 ms - -\u001b[0m","service":"smart-gym-api","timestamp":"2026-05-31T22:20:39.651Z"}
{"level":"http","message":"\u001b[0mGET /api/v1/machines?limit=100 \u001b[32m200\u001b[0m 36.240 ms - 90\u001b[0m","service":"smart-gym-api","timestamp":"2026-05-31T22:20:39.655Z"}
{"level":"http","message":"\u001b[0mGET /api/v1/trainers \u001b[36m304\u001b[0m 39.266 ms - -\u001b[0m","service":"smart-gym-api","timestamp":"2026-05-31T22:20:39.663Z"}
{"level":"http","message":"\u001b[0mGET /api/v1/subscriptions \u001b[36m304\u001b[0m 113.221 ms - -\u001b[0m","service":"smart-gym-api","timestamp":"2026-05-31T22:20:39.740Z"}
{"level":"http","message":"\u001b[0mGET /api/v1/attendance \u001b[36m304\u001b[0m 109.695 ms - -\u001b[0m","service":"smart-gym-api","timestamp":"2026-05-31T22:20:39.745Z"}
{"level":"http","message":"\u001b[0mGET /api/v1/users \u001b[36m304\u001b[0m 28.391 ms - -\u001b[0m","service":"smart-gym-api","timestamp":"2026-05-31T22:20:42.927Z"}
{"level":"http","message":"\u001b[0mGET /api/v1/machines?limit=100 \u001b[36m304\u001b[0m 22.731 ms - -\u001b[0m","service":"smart-gym-api","timestamp":"2026-05-31T22:20:42.932Z"}
{"level":"http","message":"\u001b[0mGET /api/v1/trainers \u001b[36m304\u001b[0m 29.321 ms - -\u001b[0m","service":"smart-gym-api","timestamp":"2026-05-31T22:20:42.943Z"}
{"level":"http","message":"\u001b[0mGET /api/v1/subscriptions \u001b[36m304\u001b[0m 99.173 ms - -\u001b[0m","service":"smart-gym-api","timestamp":"2026-05-31T22:20:43.036Z"}
{"level":"http","message":"\u001b[0mGET /api/v1/attendance?limit=100&sort=-checkIn \u001b[32m200\u001b[0m 94.903 ms - 796\u001b[0m","service":"smart-gym-api","timestamp":"2026-05-31T22:20:43.087Z"}
{"level":"http","message":"\u001b[0mGET /api/v1/machines?limit=100 \u001b[36m304\u001b[0m 18.831 ms - -\u001b[0m","service":"smart-gym-api","timestamp":"2026-05-31T22:20:45.978Z"}
{"level":"http","message":"\u001b[0mGET /api/v1/users \u001b[36m304\u001b[0m 37.976 ms - -\u001b[0m","service":"smart-gym-api","timestamp":"2026-05-31T22:20:45.992Z"}
{"level":"http","message":"\u001b[0mGET /api/v1/trainers \u001b[36m304\u001b[0m 30.167 ms - -\u001b[0m","service":"smart-gym-api","timestamp":"2026-05-31T22:20:46.000Z"}
{"level":"http","message":"\u001b[0mGET /api/v1/attendance?limit=100&sort=-checkIn \u001b[36m304\u001b[0m 32.367 ms - -\u001b[0m","service":"smart-gym-api","timestamp":"2026-05-31T22:20:46.028Z"}
{"level":"http","message":"\u001b[0mGET /api/v1/subscriptions \u001b[36m304\u001b[0m 30.293 ms - -\u001b[0m","service":"smart-gym-api","timestamp":"2026-05-31T22:20:46.033Z"}
{"level":"http","message":"\u001b[0mGET /api/v1/users \u001b[36m304\u001b[0m 22.331 ms - -\u001b[0m","service":"smart-gym-api","timestamp":"2026-05-31T22:20:48.426Z"}
{"level":"http","message":"\u001b[0mGET /api/v1/machines?limit=100 \u001b[36m304\u001b[0m 15.213 ms - -\u001b[0m","service":"smart-gym-api","timestamp":"2026-05-31T22:20:48.430Z"}
{"level":"http","message":"\u001b[0mGET /api/v1/trainers \u001b[36m304\u001b[0m 11.934 ms - -\u001b[0m","service":"smart-gym-api","timestamp":"2026-05-31T22:20:48.456Z"}
{"level":"http","message":"\u001b[0mGET /api/v1/subscriptions \u001b[36m304\u001b[0m 23.310 ms - -\u001b[0m","service":"smart-gym-api","timestamp":"2026-05-31T22:20:48.472Z"}
{"level":"http","message":"\u001b[0mGET /api/v1/attendance?limit=100&sort=-checkIn \u001b[36m304\u001b[0m 17.526 ms - -\u001b[0m","service":"smart-gym-api","timestamp":"2026-05-31T22:20:48.498Z"}
{"level":"http","message":"\u001b[0mGET /api/v1/machines?limit=100 \u001b[36m304\u001b[0m 11.171 ms - -\u001b[0m","service":"smart-gym-api","timestamp":"2026-05-31T22:20:50.809Z"}
{"level":"http","message":"\u001b[0mGET /api/v1/users \u001b[36m304\u001b[0m 32.423 ms - -\u001b[0m","service":"smart-gym-api","timestamp":"2026-05-31T22:20:50.826Z"}
{"level":"http","message":"\u001b[0mGET /api/v1/trainers \u001b[36m304\u001b[0m 22.993 ms - -\u001b[0m","service":"smart-gym-api","timestamp":"2026-05-31T22:20:50.834Z"}
{"level":"http","message":"\u001b[0mGET /api/v1/subscriptions \u001b[36m304\u001b[0m 35.322 ms - -\u001b[0m","service":"smart-gym-api","timestamp":"2026-05-31T22:20:50.856Z"}
{"level":"http","message":"\u001b[0mGET /api/v1/attendance?limit=100&sort=-checkIn \u001b[36m304\u001b[0m 30.830 ms - -\u001b[0m","service":"smart-gym-api","timestamp":"2026-05-31T22:20:50.859Z"}
{"level":"http","message":"\u001b[0mGET /api/v1/users \u001b[36m304\u001b[0m 17.644 ms - -\u001b[0m","service":"smart-gym-api","timestamp":"2026-05-31T22:20:58.581Z"}
{"level":"http","message":"\u001b[0mGET /api/v1/machines?limit=100&sort=-createdAt \u001b[32m200\u001b[0m 10.055 ms - 90\u001b[0m","service":"smart-gym-api","timestamp":"2026-05-31T22:20:58.595Z"}
{"level":"http","message":"\u001b[0mGET /api/v1/trainers \u001b[36m304\u001b[0m 13.164 ms - -\u001b[0m","service":"smart-gym-api","timestamp":"2026-05-31T22:20:58.604Z"}
{"level":"http","message":"\u001b[0mGET /api/v1/subscriptions \u001b[36m304\u001b[0m 29.671 ms - -\u001b[0m","service":"smart-gym-api","timestamp":"2026-05-31T22:20:58.628Z"}
{"level":"http","message":"\u001b[0mGET /api/v1/attendance?limit=100&sort=-checkIn \u001b[36m304\u001b[0m 30.676 ms - -\u001b[0m","service":"smart-gym-api","timestamp":"2026-05-31T22:20:58.631Z"}
{"level":"http","message":"\u001b[0mGET /api/v1/machines?limit=100&sort=-createdAt \u001b[36m304\u001b[0m 16.084 ms - -\u001b[0m","service":"smart-gym-api","timestamp":"2026-05-31T22:21:16.763Z"}
{"level":"http","message":"\u001b[0mGET /api/v1/users \u001b[36m304\u001b[0m 35.047 ms - -\u001b[0m","service":"smart-gym-api","timestamp":"2026-05-31T22:21:16.776Z"}
{"level":"http","message":"\u001b[0mGET /api/v1/trainers \u001b[36m304\u001b[0m 24.988 ms - -\u001b[0m","service":"smart-gym-api","timestamp":"2026-05-31T22:21:16.781Z"}
{"level":"http","message":"\u001b[0mGET /api/v1/subscriptions \u001b[36m304\u001b[0m 26.263 ms - -\u001b[0m","service":"smart-gym-api","timestamp":"2026-05-31T22:21:16.810Z"}
{"level":"http","message":"\u001b[0mGET /api/v1/attendance?limit=100&sort=-checkIn \u001b[36m304\u001b[0m 28.800 ms - -\u001b[0m","service":"smart-gym-api","timestamp":"2026-05-31T22:21:16.816Z"}
{"level":"http","message":"\u001b[0mGET /api/v1/machines?limit=100&sort=-createdAt \u001b[36m304\u001b[0m 18.019 ms - -\u001b[0m","service":"smart-gym-api","timestamp":"2026-05-31T22:21:29.667Z"}
{"level":"http","message":"\u001b[0mGET /api/v1/users \u001b[36m304\u001b[0m 41.624 ms - -\u001b[0m","service":"smart-gym-api","timestamp":"2026-05-31T22:21:29.687Z"}
{"level":"http","message":"\u001b[0mGET /api/v1/trainers \u001b[36m304\u001b[0m 38.942 ms - -\u001b[0m","service":"smart-gym-api","timestamp":"2026-05-31T22:21:29.702Z"}
{"level":"http","message":"\u001b[0mGET /api/v1/subscriptions \u001b[36m304\u001b[0m 86.159 ms - -\u001b[0m","service":"smart-gym-api","timestamp":"2026-05-31T22:21:29.758Z"}
{"level":"http","message":"\u001b[0mGET /api/v1/attendance?limit=100&sort=-checkIn \u001b[36m304\u001b[0m 59.847 ms - -\u001b[0m","service":"smart-gym-api","timestamp":"2026-05-31T22:21:29.775Z"}
{"level":"http","message":"\u001b[0mGET /api/v1/machines?limit=100&sort=-createdAt \u001b[36m304\u001b[0m 9.954 ms - -\u001b[0m","service":"smart-gym-api","timestamp":"2026-05-31T22:22:17.490Z"}
{"level":"http","message":"\u001b[0mGET /api/v1/users \u001b[36m304\u001b[0m 27.587 ms - -\u001b[0m","service":"smart-gym-api","timestamp":"2026-05-31T22:22:17.503Z"}
{"level":"http","message":"\u001b[0mGET /api/v1/trainers \u001b[36m304\u001b[0m 18.337 ms - -\u001b[0m","service":"smart-gym-api","timestamp":"2026-05-31T22:22:17.511Z"}
{"level":"http","message":"\u001b[0mGET /api/v1/subscriptions \u001b[36m304\u001b[0m 27.730 ms - -\u001b[0m","service":"smart-gym-api","timestamp":"2026-05-31T22:22:17.533Z"}
{"level":"http","message":"\u001b[0mGET /api/v1/attendance?limit=100&sort=-checkIn \u001b[36m304\u001b[0m 30.698 ms - -\u001b[0m","service":"smart-gym-api","timestamp":"2026-05-31T22:22:17.539Z"}
{"level":"http","message":"\u001b[0mGET /api/v1/machines?limit=100&sort=-createdAt \u001b[36m304\u001b[0m 16.779 ms - -\u001b[0m","service":"smart-gym-api","timestamp":"2026-05-31T22:25:25.886Z"}
{"level":"http","message":"\u001b[0mGET /api/v1/trainers \u001b[36m304\u001b[0m 14.690 ms - -\u001b[0m","service":"smart-gym-api","timestamp":"2026-05-31T22:25:25.891Z"}
{"level":"http","message":"\u001b[0mGET /api/v1/users \u001b[36m304\u001b[0m 47.343 ms - -\u001b[0m","service":"smart-gym-api","timestamp":"2026-05-31T22:25:25.913Z"}
{"level":"http","message":"\u001b[0mGET /api/v1/subscriptions \u001b[36m304\u001b[0m 55.523 ms - -\u001b[0m","service":"smart-gym-api","timestamp":"2026-05-31T22:25:25.936Z"}
{"level":"http","message":"\u001b[0mGET /api/v1/attendance?limit=100&sort=-checkIn \u001b[36m304\u001b[0m 59.238 ms - -\u001b[0m","service":"smart-gym-api","timestamp":"2026-05-31T22:25:25.956Z"}
{"level":"http","message":"\u001b[0mGET /api/v1/machines?limit=100&sort=-createdAt \u001b[36m304\u001b[0m 11.325 ms - -\u001b[0m","service":"smart-gym-api","timestamp":"2026-05-31T22:25:27.700Z"}
{"level":"http","message":"\u001b[0mGET /api/v1/users \u001b[36m304\u001b[0m 26.244 ms - -\u001b[0m","service":"smart-gym-api","timestamp":"2026-05-31T22:25:27.711Z"}
{"level":"http","message":"\u001b[0mGET /api/v1/trainers \u001b[36m304\u001b[0m 17.504 ms - -\u001b[0m","service":"smart-gym-api","timestamp":"2026-05-31T22:25:27.714Z"}
{"level":"http","message":"\u001b[0mGET /api/v1/subscriptions \u001b[36m304\u001b[0m 32.489 ms - -\u001b[0m","service":"smart-gym-api","timestamp":"2026-05-31T22:25:27.734Z"}
{"level":"http","message":"\u001b[0mGET /api/v1/attendance?limit=100&sort=-checkIn \u001b[36m304\u001b[0m 32.282 ms - -\u001b[0m","service":"smart-gym-api","timestamp":"2026-05-31T22:25:27.738Z"}
{"level":"http","message":"\u001b[0mGET /api/v1/machines?limit=100&sort=-createdAt \u001b[36m304\u001b[0m 3.219 ms - -\u001b[0m","service":"smart-gym-api","timestamp":"2026-05-31T22:25:30.513Z"}
{"level":"warn","message":"[POST] /api/v1/machines → 400 [VALIDATION_ERROR]: Category is required; At least one muscle group is required","service":"smart-gym-api","timestamp":"2026-05-31T22:26:02.440Z","userId":"6a1c99419f6d4a83fd05589e"}
{"level":"http","message":"\u001b[0mPOST /api/v1/machines \u001b[33m400\u001b[0m 7.192 ms - 653\u001b[0m","service":"smart-gym-api","timestamp":"2026-05-31T22:26:02.442Z"}
{"level":"http","message":"\u001b[0mGET /api/v1/machines?limit=100&sort=-createdAt \u001b[36m304\u001b[0m 15.128 ms - -\u001b[0m","service":"smart-gym-api","timestamp":"2026-05-31T22:26:23.594Z"}
{"level":"http","message":"\u001b[0mGET /api/v1/trainers \u001b[36m304\u001b[0m 15.375 ms - -\u001b[0m","service":"smart-gym-api","timestamp":"2026-05-31T22:26:23.596Z"}
{"level":"http","message":"\u001b[0mGET /api/v1/users \u001b[36m304\u001b[0m 35.948 ms - -\u001b[0m","service":"smart-gym-api","timestamp":"2026-05-31T22:26:23.611Z"}
{"level":"http","message":"\u001b[0mGET /api/v1/subscriptions \u001b[36m304\u001b[0m 36.530 ms - -\u001b[0m","service":"smart-gym-api","timestamp":"2026-05-31T22:26:23.622Z"}
{"level":"http","message":"\u001b[0mGET /api/v1/attendance?limit=100&sort=-checkIn \u001b[36m304\u001b[0m 38.518 ms - -\u001b[0m","service":"smart-gym-api","timestamp":"2026-05-31T22:26:23.627Z"}
{"level":"http","message":"\u001b[0mGET /api/v1/machines?limit=100&sort=-createdAt \u001b[36m304\u001b[0m 3.120 ms - -\u001b[0m","service":"smart-gym-api","timestamp":"2026-05-31T22:26:25.947Z"}
{"level":"warn","message":"[POST] /api/v1/machines → 400 [VALIDATION_ERROR]: Category is required; At least one muscle group is required","service":"smart-gym-api","timestamp":"2026-05-31T22:26:43.736Z","userId":"6a1c99419f6d4a83fd05589e"}
{"level":"http","message":"\u001b[0mPOST /api/v1/machines \u001b[33m400\u001b[0m 6.694 ms - 653\u001b[0m","service":"smart-gym-api","timestamp":"2026-05-31T22:26:43.738Z"}
{"level":"http","message":"\u001b[0mGET /api/v1/attendance?limit=100&sort=-checkIn \u001b[36m304\u001b[0m 5.944 ms - -\u001b[0m","service":"smart-gym-api","timestamp":"2026-05-31T22:26:51.790Z"}
{"level":"warn","message":"[POST] /api/v1/machines → 401 [TOKEN_MISSING]: Authentication required. Please provide a Bearer token.","service":"smart-gym-api","timestamp":"2026-05-31T22:29:38.636Z","userId":"anon"}
{"level":"http","message":"\u001b[0mPOST /api/v1/machines \u001b[33m401\u001b[0m 1.196 ms - 1286\u001b[0m","service":"smart-gym-api","timestamp":"2026-05-31T22:29:38.637Z"}
{"level":"info","message":"User logged in: dd@gmail.com","service":"smart-gym-api","timestamp":"2026-05-31T22:33:02.306Z"}
{"level":"http","message":"\u001b[0mPOST /api/v1/auth/login \u001b[32m200\u001b[0m 298.462 ms - 424\u001b[0m","service":"smart-gym-api","timestamp":"2026-05-31T22:33:02.307Z"}
{"level":"http","message":"\u001b[0mGET /api/v1/users \u001b[36m304\u001b[0m 19.940 ms - -\u001b[0m","service":"smart-gym-api","timestamp":"2026-05-31T22:33:02.398Z"}
{"level":"http","message":"\u001b[0mGET /api/v1/machines?limit=100&sort=-createdAt \u001b[36m304\u001b[0m 15.596 ms - -\u001b[0m","service":"smart-gym-api","timestamp":"2026-05-31T22:33:02.405Z"}
{"level":"http","message":"\u001b[0mGET /api/v1/trainers \u001b[36m304\u001b[0m 11.122 ms - -\u001b[0m","service":"smart-gym-api","timestamp":"2026-05-31T22:33:02.418Z"}
{"level":"http","message":"\u001b[0mGET /api/v1/subscriptions \u001b[36m304\u001b[0m 18.545 ms - -\u001b[0m","service":"smart-gym-api","timestamp":"2026-05-31T22:33:02.439Z"}
{"level":"http","message":"\u001b[0mGET /api/v1/attendance?limit=100&sort=-checkIn \u001b[36m304\u001b[0m 19.530 ms - -\u001b[0m","service":"smart-gym-api","timestamp":"2026-05-31T22:33:02.442Z"}
{"level":"http","message":"\u001b[0mGET /api/v1/machines?limit=100&sort=-createdAt \u001b[36m304\u001b[0m 2.502 ms - -\u001b[0m","service":"smart-gym-api","timestamp":"2026-05-31T22:33:05.619Z"}
{"level":"warn","message":"[POST] /api/v1/machines → 400 [VALIDATION_ERROR]: Category is required; At least one muscle group is required","service":"smart-gym-api","timestamp":"2026-05-31T22:33:22.347Z","userId":"6a1c99419f6d4a83fd05589e"}
{"level":"http","message":"\u001b[0mPOST /api/v1/machines \u001b[33m400\u001b[0m 4.836 ms - 653\u001b[0m","service":"smart-gym-api","timestamp":"2026-05-31T22:33:22.349Z"}
{"level":"http","message":"\u001b[0mGET /api/v1/users \u001b[36m304\u001b[0m 18.724 ms - -\u001b[0m","service":"smart-gym-api","timestamp":"2026-05-31T22:35:43.546Z"}
{"level":"http","message":"\u001b[0mGET /api/v1/trainers \u001b[36m304\u001b[0m 15.457 ms - -\u001b[0m","service":"smart-gym-api","timestamp":"2026-05-31T22:35:43.551Z"}
{"level":"http","message":"\u001b[0mGET /api/v1/machines?limit=100&sort=-createdAt \u001b[36m304\u001b[0m 14.513 ms - -\u001b[0m","service":"smart-gym-api","timestamp":"2026-05-31T22:35:43.554Z"}
{"level":"http","message":"\u001b[0mGET /api/v1/subscriptions \u001b[36m304\u001b[0m 26.573 ms - -\u001b[0m","service":"smart-gym-api","timestamp":"2026-05-31T22:35:43.574Z"}
{"level":"http","message":"\u001b[0mGET /api/v1/attendance?limit=100&sort=-checkIn \u001b[36m304\u001b[0m 20.426 ms - -\u001b[0m","service":"smart-gym-api","timestamp":"2026-05-31T22:35:43.576Z"}
{"level":"http","message":"\u001b[0mGET /api/v1/users \u001b[36m304\u001b[0m 18.594 ms - -\u001b[0m","service":"smart-gym-api","timestamp":"2026-05-31T22:36:32.995Z"}
{"level":"http","message":"\u001b[0mGET /api/v1/machines?limit=100&sort=-createdAt \u001b[36m304\u001b[0m 10.155 ms - -\u001b[0m","service":"smart-gym-api","timestamp":"2026-05-31T22:36:33.008Z"}
{"level":"http","message":"\u001b[0mGET /api/v1/trainers \u001b[36m304\u001b[0m 12.019 ms - -\u001b[0m","service":"smart-gym-api","timestamp":"2026-05-31T22:36:33.014Z"}
{"level":"http","message":"\u001b[0mGET /api/v1/subscriptions \u001b[36m304\u001b[0m 23.621 ms - -\u001b[0m","service":"smart-gym-api","timestamp":"2026-05-31T22:36:33.033Z"}
{"level":"http","message":"\u001b[0mGET /api/v1/attendance?limit=100&sort=-checkIn \u001b[36m304\u001b[0m 21.546 ms - -\u001b[0m","service":"smart-gym-api","timestamp":"2026-05-31T22:36:33.038Z"}
{"level":"http","message":"\u001b[0mGET /api/v1/machines?limit=100&sort=-createdAt \u001b[36m304\u001b[0m 10.032 ms - -\u001b[0m","service":"smart-gym-api","timestamp":"2026-05-31T22:38:08.383Z"}
{"level":"http","message":"\u001b[0mGET /api/v1/trainers \u001b[36m304\u001b[0m 41.348 ms - -\u001b[0m","service":"smart-gym-api","timestamp":"2026-05-31T22:38:08.416Z"}
{"level":"http","message":"\u001b[0mGET /api/v1/users \u001b[36m304\u001b[0m 65.792 ms - -\u001b[0m","service":"smart-gym-api","timestamp":"2026-05-31T22:38:08.434Z"}
{"level":"http","message":"\u001b[0mGET /api/v1/subscriptions \u001b[36m304\u001b[0m 32.473 ms - -\u001b[0m","service":"smart-gym-api","timestamp":"2026-05-31T22:38:08.456Z"}
{"level":"http","message":"\u001b[0mGET /api/v1/attendance?limit=100&sort=-checkIn \u001b[36m304\u001b[0m 34.777 ms - -\u001b[0m","service":"smart-gym-api","timestamp":"2026-05-31T22:38:08.464Z"}
{"level":"http","message":"\u001b[0mGET /api/v1/machines?limit=100&sort=-createdAt \u001b[36m304\u001b[0m 4.945 ms - -\u001b[0m","service":"smart-gym-api","timestamp":"2026-05-31T22:38:11.512Z"}
{"level":"warn","message":"[POST] /api/v1/machines → 400 [VALIDATION_ERROR]: Category is required; At least one muscle group is required","service":"smart-gym-api","timestamp":"2026-05-31T22:38:23.521Z","userId":"6a1c99419f6d4a83fd05589e"}
{"level":"http","message":"\u001b[0mPOST /api/v1/machines \u001b[33m400\u001b[0m 5.067 ms - 653\u001b[0m","service":"smart-gym-api","timestamp":"2026-05-31T22:38:23.523Z"}
{"level":"http","message":"\u001b[0mGET /api/v1/attendance?limit=100&sort=-checkIn \u001b[36m304\u001b[0m 10.276 ms - -\u001b[0m","service":"smart-gym-api","timestamp":"2026-05-31T22:39:17.043Z"}
{"level":"http","message":"\u001b[0mGET /api/v1/attendance?limit=100&sort=-checkIn \u001b[36m304\u001b[0m 6.233 ms - -\u001b[0m","service":"smart-gym-api","timestamp":"2026-05-31T22:39:23.415Z"}
{"level":"http","message":"\u001b[0mGET /api/v1/machines?limit=100&sort=-createdAt \u001b[36m304\u001b[0m 5.255 ms - -\u001b[0m","service":"smart-gym-api","timestamp":"2026-05-31T22:39:25.516Z"}
{"level":"warn","message":"User deactivated: 6a1c16801435626b44e7d4b0","service":"smart-gym-api","timestamp":"2026-05-31T22:39:44.217Z"}
{"level":"http","message":"\u001b[0mPATCH /api/v1/users/6a1c16801435626b44e7d4b0/deactivate \u001b[32m200\u001b[0m 18.691 ms - 627\u001b[0m","service":"smart-gym-api","timestamp":"2026-05-31T22:39:44.218Z"}
{"level":"http","message":"\u001b[0mGET /api/v1/machines?limit=100&sort=-createdAt \u001b[36m304\u001b[0m 5.321 ms - -\u001b[0m","service":"smart-gym-api","timestamp":"2026-05-31T22:39:48.778Z"}
{"level":"http","message":"\u001b[0mGET /api/v1/attendance?limit=100&sort=-checkIn \u001b[36m304\u001b[0m 12.499 ms - -\u001b[0m","service":"smart-gym-api","timestamp":"2026-05-31T22:39:48.783Z"}
{"level":"http","message":"\u001b[0mGET /api/v1/machines?limit=100&sort=-createdAt \u001b[36m304\u001b[0m 2.205 ms - -\u001b[0m","service":"smart-gym-api","timestamp":"2026-05-31T22:40:06.095Z"}
{"level":"warn","message":"[POST] /api/v1/machines → 400 [VALIDATION_ERROR]: Category is required; At least one muscle group is required","service":"smart-gym-api","timestamp":"2026-05-31T22:40:12.351Z","userId":"6a1c99419f6d4a83fd05589e"}
{"level":"http","message":"\u001b[0mPOST /api/v1/machines \u001b[33m400\u001b[0m 4.995 ms - 653\u001b[0m","service":"smart-gym-api","timestamp":"2026-05-31T22:40:12.352Z"}
{"level":"http","message":"\u001b[0mGET /api/v1/users \u001b[32m200\u001b[0m 21.147 ms - 6118\u001b[0m","service":"smart-gym-api","timestamp":"2026-05-31T22:41:40.875Z"}
{"level":"http","message":"\u001b[0mGET /api/v1/machines?limit=100&sort=-createdAt \u001b[36m304\u001b[0m 17.329 ms - -\u001b[0m","service":"smart-gym-api","timestamp":"2026-05-31T22:41:40.878Z"}
{"level":"http","message":"\u001b[0mGET /api/v1/trainers \u001b[36m304\u001b[0m 14.158 ms - -\u001b[0m","service":"smart-gym-api","timestamp":"2026-05-31T22:41:40.882Z"}
{"level":"http","message":"\u001b[0mGET /api/v1/subscriptions \u001b[36m304\u001b[0m 34.293 ms - -\u001b[0m","service":"smart-gym-api","timestamp":"2026-05-31T22:41:40.941Z"}
{"level":"http","message":"\u001b[0mGET /api/v1/attendance?limit=100&sort=-checkIn \u001b[36m304\u001b[0m 33.260 ms - -\u001b[0m","service":"smart-gym-api","timestamp":"2026-05-31T22:41:40.945Z"}
{"level":"http","message":"\u001b[0mGET /api/v1/machines?limit=100&sort=-createdAt \u001b[36m304\u001b[0m 4.387 ms - -\u001b[0m","service":"smart-gym-api","timestamp":"2026-05-31T22:41:43.837Z"}
{"level":"warn","message":"[POST] /api/v1/machines → 400 [VALIDATION_ERROR]: Category is required; At least one muscle group is required","service":"smart-gym-api","timestamp":"2026-05-31T22:41:55.164Z","userId":"6a1c99419f6d4a83fd05589e"}
{"level":"http","message":"\u001b[0mPOST /api/v1/machines \u001b[33m400\u001b[0m 4.754 ms - 653\u001b[0m","service":"smart-gym-api","timestamp":"2026-05-31T22:41:55.165Z"}
{"level":"warn","message":"SIGINT received — shutting down gracefully…","service":"smart-gym-api","timestamp":"2026-05-31T22:42:48.780Z"}
{"level":"info","message":"MongoDB connected: localhost","service":"smart-gym-api","timestamp":"2026-05-31T22:43:29.700Z"}
{"level":"info","message":"🚀  Smart Gym API running on port 5000 [development]","service":"smart-gym-api","timestamp":"2026-05-31T22:43:29.708Z"}
{"level":"info","message":"Machine created: runner (6a1cb9a452844d147de730bb)","service":"smart-gym-api","timestamp":"2026-05-31T22:43:48.222Z"}
{"level":"http","message":"\u001b[0mPOST /api/v1/machines \u001b[32m201\u001b[0m 41.398 ms - 308\u001b[0m","service":"smart-gym-api","timestamp":"2026-05-31T22:43:48.227Z"}
{"level":"http","message":"\u001b[0mGET /api/v1/machines?limit=100&sort=-createdAt \u001b[32m200\u001b[0m 14.329 ms - 337\u001b[0m","service":"smart-gym-api","timestamp":"2026-05-31T22:43:48.252Z"}
{"level":"http","message":"\u001b[0mGET /api/v1/machines?limit=100&sort=-createdAt \u001b[36m304\u001b[0m 18.866 ms - -\u001b[0m","service":"smart-gym-api","timestamp":"2026-05-31T22:44:13.099Z"}
{"level":"http","message":"\u001b[0mGET /api/v1/trainers \u001b[36m304\u001b[0m 18.946 ms - -\u001b[0m","service":"smart-gym-api","timestamp":"2026-05-31T22:44:13.102Z"}
{"level":"http","message":"\u001b[0mGET /api/v1/subscriptions \u001b[32m200\u001b[0m 38.448 ms - 1847\u001b[0m","service":"smart-gym-api","timestamp":"2026-05-31T22:44:13.127Z"}
{"level":"http","message":"\u001b[0mGET /api/v1/users \u001b[36m304\u001b[0m 65.048 ms - -\u001b[0m","service":"smart-gym-api","timestamp":"2026-05-31T22:44:13.142Z"}
{"level":"http","message":"\u001b[0mGET /api/v1/attendance?limit=100&sort=-checkIn \u001b[32m200\u001b[0m 56.302 ms - 842\u001b[0m","service":"smart-gym-api","timestamp":"2026-05-31T22:44:13.150Z"}
{"level":"http","message":"\u001b[0mGET /api/v1/machines?limit=100&sort=-createdAt \u001b[36m304\u001b[0m 7.940 ms - -\u001b[0m","service":"smart-gym-api","timestamp":"2026-05-31T22:44:14.633Z"}
{"level":"http","message":"\u001b[0mGET /api/v1/machines?limit=100&sort=-createdAt \u001b[36m304\u001b[0m 4.122 ms - -\u001b[0m","service":"smart-gym-api","timestamp":"2026-05-31T22:44:28.214Z"}
{"level":"http","message":"\u001b[0mGET /api/v1/attendance?limit=100&sort=-checkIn \u001b[36m304\u001b[0m 9.314 ms - -\u001b[0m","service":"smart-gym-api","timestamp":"2026-05-31T22:44:38.403Z"}
{"level":"http","message":"\u001b[0mGET /api/v1/machines?limit=100&sort=-createdAt \u001b[36m304\u001b[0m 3.936 ms - -\u001b[0m","service":"smart-gym-api","timestamp":"2026-05-31T22:44:41.857Z"}
{"level":"http","message":"\u001b[0mGET /api/v1/machines?limit=100&sort=-createdAt \u001b[36m304\u001b[0m 20.844 ms - -\u001b[0m","service":"smart-gym-api","timestamp":"2026-05-31T22:47:41.740Z"}
{"level":"http","message":"\u001b[0mGET /api/v1/trainers \u001b[36m304\u001b[0m 42.372 ms - -\u001b[0m","service":"smart-gym-api","timestamp":"2026-05-31T22:47:41.766Z"}
{"level":"http","message":"\u001b[0mGET /api/v1/users \u001b[36m304\u001b[0m 89.813 ms - -\u001b[0m","service":"smart-gym-api","timestamp":"2026-05-31T22:47:41.806Z"}
{"level":"http","message":"\u001b[0mGET /api/v1/subscriptions \u001b[36m304\u001b[0m 165.721 ms - -\u001b[0m","service":"smart-gym-api","timestamp":"2026-05-31T22:47:41.893Z"}
{"level":"http","message":"\u001b[0mGET /api/v1/attendance?limit=100&sort=-checkIn \u001b[36m304\u001b[0m 116.684 ms - -\u001b[0m","service":"smart-gym-api","timestamp":"2026-05-31T22:47:41.902Z"}
{"level":"http","message":"\u001b[0mGET /api/v1/machines?limit=100&sort=-createdAt \u001b[36m304\u001b[0m 41.326 ms - -\u001b[0m","service":"smart-gym-api","timestamp":"2026-05-31T22:47:50.110Z"}
{"level":"http","message":"\u001b[0mGET /api/v1/trainers \u001b[36m304\u001b[0m 39.680 ms - -\u001b[0m","service":"smart-gym-api","timestamp":"2026-05-31T22:47:50.114Z"}
{"level":"http","message":"\u001b[0mGET /api/v1/users \u001b[36m304\u001b[0m 115.669 ms - -\u001b[0m","service":"smart-gym-api","timestamp":"2026-05-31T22:47:50.173Z"}
{"level":"http","message":"\u001b[0mGET /api/v1/subscriptions \u001b[36m304\u001b[0m 108.667 ms - -\u001b[0m","service":"smart-gym-api","timestamp":"2026-05-31T22:47:50.188Z"}
{"level":"http","message":"\u001b[0mGET /api/v1/attendance?limit=100&sort=-checkIn \u001b[36m304\u001b[0m 108.070 ms - -\u001b[0m","service":"smart-gym-api","timestamp":"2026-05-31T22:47:50.194Z"}
{"level":"http","message":"\u001b[0mGET /api/v1/machines?limit=100&sort=-createdAt \u001b[36m304\u001b[0m 5.383 ms - -\u001b[0m","service":"smart-gym-api","timestamp":"2026-05-31T22:47:57.659Z"}
{"level":"http","message":"\u001b[0mGET /api/v1/attendance?limit=100&sort=-checkIn \u001b[36m304\u001b[0m 19.081 ms - -\u001b[0m","service":"smart-gym-api","timestamp":"2026-05-31T22:47:57.671Z"}
{"level":"warn","message":"[GET] /api/v1/attendance?limit=100&sort=-checkIn → 401 [TOKEN_EXPIRED]: Your session has expired. Please log in again.","service":"smart-gym-api","timestamp":"2026-05-31T22:48:04.514Z","userId":"anon"}
{"level":"http","message":"\u001b[0mGET /api/v1/attendance?limit=100&sort=-checkIn \u001b[33m401\u001b[0m 1.886 ms - 1268\u001b[0m","service":"smart-gym-api","timestamp":"2026-05-31T22:48:04.515Z"}
{"level":"warn","message":"[POST] /api/v1/auth/login → 401 [INTERNAL_ERROR]: Invalid email or password.","service":"smart-gym-api","timestamp":"2026-05-31T22:48:21.335Z","userId":"anon"}
{"level":"http","message":"\u001b[0mPOST /api/v1/auth/login \u001b[33m401\u001b[0m 6.567 ms - 439\u001b[0m","service":"smart-gym-api","timestamp":"2026-05-31T22:48:21.337Z"}
{"level":"http","message":"\u001b[0mGET /api/v1/machines?limit=100&sort=-createdAt \u001b[32m200\u001b[0m 2.440 ms - 337\u001b[0m","service":"smart-gym-api","timestamp":"2026-05-31T22:48:41.851Z"}
{"level":"warn","message":"SIGINT received — shutting down gracefully…","service":"smart-gym-api","timestamp":"2026-05-31T22:52:25.778Z"}
{"level":"info","message":"MongoDB connected: localhost","service":"smart-gym-api","timestamp":"2026-05-31T22:52:36.278Z"}
{"level":"info","message":"🚀  Smart Gym API running on port 5000 [development]","service":"smart-gym-api","timestamp":"2026-05-31T22:52:36.284Z"}
{"level":"info","message":"User logged in: dd@gmail.com","service":"smart-gym-api","timestamp":"2026-05-31T22:53:14.555Z"}
{"level":"http","message":"\u001b[0mPOST /api/v1/auth/login \u001b[32m200\u001b[0m 312.334 ms - 424\u001b[0m","service":"smart-gym-api","timestamp":"2026-05-31T22:53:14.558Z"}
{"level":"http","message":"\u001b[0mGET /api/v1/machines?limit=100&sort=-createdAt \u001b[36m304\u001b[0m 20.197 ms - -\u001b[0m","service":"smart-gym-api","timestamp":"2026-05-31T22:53:14.644Z"}
{"level":"http","message":"\u001b[0mGET /api/v1/trainers \u001b[36m304\u001b[0m 17.540 ms - -\u001b[0m","service":"smart-gym-api","timestamp":"2026-05-31T22:53:14.646Z"}
{"level":"http","message":"\u001b[0mGET /api/v1/subscriptions \u001b[36m304\u001b[0m 40.236 ms - -\u001b[0m","service":"smart-gym-api","timestamp":"2026-05-31T22:53:14.676Z"}
{"level":"http","message":"\u001b[0mGET /api/v1/users \u001b[36m304\u001b[0m 70.282 ms - -\u001b[0m","service":"smart-gym-api","timestamp":"2026-05-31T22:53:14.689Z"}
{"level":"http","message":"\u001b[0mGET /api/v1/attendance?limit=100&sort=-checkIn \u001b[36m304\u001b[0m 56.425 ms - -\u001b[0m","service":"smart-gym-api","timestamp":"2026-05-31T22:53:14.694Z"}
{"level":"http","message":"\u001b[0mGET /api/v1/machines?limit=100&sort=-createdAt \u001b[36m304\u001b[0m 3.702 ms - -\u001b[0m","service":"smart-gym-api","timestamp":"2026-05-31T22:53:21.251Z"}
{"level":"info","message":"Machine created: mksmx (6a1cbbec4ad923ef475284f9)","service":"smart-gym-api","timestamp":"2026-05-31T22:53:32.067Z"}
{"level":"http","message":"\u001b[0mPOST /api/v1/machines \u001b[32m201\u001b[0m 23.694 ms - 285\u001b[0m","service":"smart-gym-api","timestamp":"2026-05-31T22:53:32.068Z"}
{"level":"http","message":"\u001b[0mGET /api/v1/machines?limit=100&sort=-createdAt \u001b[32m200\u001b[0m 3.017 ms - 562\u001b[0m","service":"smart-gym-api","timestamp":"2026-05-31T22:53:32.077Z"}
{"level":"http","message":"\u001b[0mGET /api/v1/machines?limit=100&sort=-createdAt \u001b[36m304\u001b[0m 7.232 ms - -\u001b[0m","service":"smart-gym-api","timestamp":"2026-05-31T22:53:42.125Z"}
{"level":"http","message":"\u001b[0mGET /api/v1/attendance?limit=100&sort=-checkIn \u001b[36m304\u001b[0m 16.966 ms - -\u001b[0m","service":"smart-gym-api","timestamp":"2026-05-31T22:53:42.132Z"}
{"level":"http","message":"\u001b[0mGET /api/v1/machines?limit=100&sort=-createdAt \u001b[36m304\u001b[0m 22.394 ms - -\u001b[0m","service":"smart-gym-api","timestamp":"2026-05-31T22:57:54.673Z"}
{"level":"http","message":"\u001b[0mGET /api/v1/trainers \u001b[36m304\u001b[0m 25.898 ms - -\u001b[0m","service":"smart-gym-api","timestamp":"2026-05-31T22:57:54.680Z"}
{"level":"http","message":"\u001b[0mGET /api/v1/users \u001b[36m304\u001b[0m 64.730 ms - -\u001b[0m","service":"smart-gym-api","timestamp":"2026-05-31T22:57:54.711Z"}
{"level":"http","message":"\u001b[0mGET /api/v1/machines?limit=100&sort=-createdAt \u001b[36m304\u001b[0m 28.680 ms - -\u001b[0m","service":"smart-gym-api","timestamp":"2026-05-31T22:57:54.742Z"}
{"level":"http","message":"\u001b[0mGET /api/v1/trainers \u001b[36m304\u001b[0m 30.557 ms - -\u001b[0m","service":"smart-gym-api","timestamp":"2026-05-31T22:57:54.747Z"}
{"level":"http","message":"\u001b[0mGET /api/v1/subscriptions \u001b[36m304\u001b[0m 94.471 ms - -\u001b[0m","service":"smart-gym-api","timestamp":"2026-05-31T22:57:54.753Z"}
{"level":"http","message":"\u001b[0mGET /api/v1/attendance?limit=100&sort=-checkIn \u001b[36m304\u001b[0m 96.555 ms - -\u001b[0m","service":"smart-gym-api","timestamp":"2026-05-31T22:57:54.759Z"}
{"level":"http","message":"\u001b[0mGET /api/v1/users \u001b[36m304\u001b[0m 51.714 ms - -\u001b[0m","service":"smart-gym-api","timestamp":"2026-05-31T22:57:54.787Z"}
{"level":"http","message":"\u001b[0mGET /api/v1/machines?limit=100&sort=-createdAt \u001b[36m304\u001b[0m 26.055 ms - -\u001b[0m","service":"smart-gym-api","timestamp":"2026-05-31T22:57:54.792Z"}
{"level":"http","message":"\u001b[0mGET /api/v1/trainers \u001b[36m304\u001b[0m 22.225 ms - -\u001b[0m","service":"smart-gym-api","timestamp":"2026-05-31T22:57:54.794Z"}
{"level":"http","message":"\u001b[0mGET /api/v1/subscriptions \u001b[36m304\u001b[0m 43.948 ms - -\u001b[0m","service":"smart-gym-api","timestamp":"2026-05-31T22:57:54.819Z"}
{"level":"http","message":"\u001b[0mGET /api/v1/attendance?limit=100&sort=-checkIn \u001b[36m304\u001b[0m 52.712 ms - -\u001b[0m","service":"smart-gym-api","timestamp":"2026-05-31T22:57:54.830Z"}
{"level":"http","message":"\u001b[0mGET /api/v1/users \u001b[36m304\u001b[0m 40.443 ms - -\u001b[0m","service":"smart-gym-api","timestamp":"2026-05-31T22:57:54.846Z"}
{"level":"http","message":"\u001b[0mGET /api/v1/subscriptions \u001b[36m304\u001b[0m 27.870 ms - -\u001b[0m","service":"smart-gym-api","timestamp":"2026-05-31T22:57:54.876Z"}
{"level":"http","message":"\u001b[0mGET /api/v1/attendance?limit=100&sort=-checkIn \u001b[36m304\u001b[0m 26.585 ms - -\u001b[0m","service":"smart-gym-api","timestamp":"2026-05-31T22:57:54.878Z"}
{"level":"http","message":"\u001b[0mGET /api/v1/machines?limit=100&sort=-createdAt \u001b[36m304\u001b[0m 17.281 ms - -\u001b[0m","service":"smart-gym-api","timestamp":"2026-05-31T22:57:57.323Z"}
{"level":"http","message":"\u001b[0mGET /api/v1/users \u001b[36m304\u001b[0m 39.843 ms - -\u001b[0m","service":"smart-gym-api","timestamp":"2026-05-31T22:57:57.340Z"}
{"level":"http","message":"\u001b[0mGET /api/v1/trainers?limit=100 \u001b[32m200\u001b[0m 20.238 ms - 90\u001b[0m","service":"smart-gym-api","timestamp":"2026-05-31T22:57:57.345Z"}
{"level":"http","message":"\u001b[0mGET /api/v1/machines?limit=100&sort=-createdAt \u001b[36m304\u001b[0m 20.729 ms - -\u001b[0m","service":"smart-gym-api","timestamp":"2026-05-31T22:57:57.364Z"}
{"level":"http","message":"\u001b[0mGET /api/v1/subscriptions \u001b[36m304\u001b[0m 58.105 ms - -\u001b[0m","service":"smart-gym-api","timestamp":"2026-05-31T22:57:57.369Z"}
{"level":"http","message":"\u001b[0mGET /api/v1/attendance?limit=100&sort=-checkIn \u001b[36m304\u001b[0m 69.224 ms - -\u001b[0m","service":"smart-gym-api","timestamp":"2026-05-31T22:57:57.389Z"}
{"level":"http","message":"\u001b[0mGET /api/v1/trainers?limit=100 \u001b[36m304\u001b[0m 16.865 ms - -\u001b[0m","service":"smart-gym-api","timestamp":"2026-05-31T22:57:57.395Z"}
{"level":"http","message":"\u001b[0mGET /api/v1/users \u001b[36m304\u001b[0m 47.533 ms - -\u001b[0m","service":"smart-gym-api","timestamp":"2026-05-31T22:57:57.406Z"}
{"level":"http","message":"\u001b[0mGET /api/v1/subscriptions \u001b[36m304\u001b[0m 44.139 ms - -\u001b[0m","service":"smart-gym-api","timestamp":"2026-05-31T22:57:57.438Z"}
{"level":"http","message":"\u001b[0mGET /api/v1/attendance?limit=100&sort=-checkIn \u001b[36m304\u001b[0m 45.062 ms - -\u001b[0m","service":"smart-gym-api","timestamp":"2026-05-31T22:57:57.442Z"}
{"level":"http","message":"\u001b[0mGET /api/v1/users \u001b[36m304\u001b[0m 18.284 ms - -\u001b[0m","service":"smart-gym-api","timestamp":"2026-05-31T22:57:57.618Z"}
{"level":"http","message":"\u001b[0mGET /api/v1/machines?limit=100&sort=-createdAt \u001b[36m304\u001b[0m 21.977 ms - -\u001b[0m","service":"smart-gym-api","timestamp":"2026-05-31T22:57:57.630Z"}
{"level":"http","message":"\u001b[0mGET /api/v1/trainers?limit=100 \u001b[36m304\u001b[0m 17.822 ms - -\u001b[0m","service":"smart-gym-api","timestamp":"2026-05-31T22:57:57.643Z"}
{"level":"http","message":"\u001b[0mGET /api/v1/subscriptions \u001b[36m304\u001b[0m 32.368 ms - -\u001b[0m","service":"smart-gym-api","timestamp":"2026-05-31T22:57:57.665Z"}
{"level":"http","message":"\u001b[0mGET /api/v1/attendance?limit=100&sort=-checkIn \u001b[36m304\u001b[0m 36.449 ms - -\u001b[0m","service":"smart-gym-api","timestamp":"2026-05-31T22:57:57.676Z"}
{"level":"http","message":"\u001b[0mGET /api/v1/trainers?limit=100 \u001b[36m304\u001b[0m 12.218 ms - -\u001b[0m","service":"smart-gym-api","timestamp":"2026-05-31T22:58:00.304Z"}
{"level":"http","message":"\u001b[0mGET /api/v1/users?limit=100 \u001b[32m200\u001b[0m 22.056 ms - 6119\u001b[0m","service":"smart-gym-api","timestamp":"2026-05-31T22:58:00.311Z"}
{"level":"http","message":"\u001b[0mGET /api/v1/machines?limit=100&sort=-createdAt \u001b[36m304\u001b[0m 25.174 ms - -\u001b[0m","service":"smart-gym-api","timestamp":"2026-05-31T22:58:00.338Z"}
{"level":"http","message":"\u001b[0mGET /api/v1/trainers?limit=100 \u001b[36m304\u001b[0m 124.012 ms - -\u001b[0m","service":"smart-gym-api","timestamp":"2026-05-31T22:58:00.443Z"}
{"level":"http","message":"\u001b[0mGET /api/v1/users?limit=100 \u001b[36m304\u001b[0m 165.312 ms - -\u001b[0m","service":"smart-gym-api","timestamp":"2026-05-31T22:58:00.494Z"}
{"level":"http","message":"\u001b[0mGET /api/v1/machines?limit=100&sort=-createdAt \u001b[36m304\u001b[0m 22.144 ms - -\u001b[0m","service":"smart-gym-api","timestamp":"2026-05-31T22:58:00.499Z"}
{"level":"http","message":"\u001b[0mGET /api/v1/subscriptions \u001b[36m304\u001b[0m 190.242 ms - -\u001b[0m","service":"smart-gym-api","timestamp":"2026-05-31T22:58:00.507Z"}
{"level":"http","message":"\u001b[0mGET /api/v1/attendance?limit=100&sort=-checkIn \u001b[36m304\u001b[0m 185.133 ms - -\u001b[0m","service":"smart-gym-api","timestamp":"2026-05-31T22:58:00.511Z"}
{"level":"http","message":"\u001b[0mGET /api/v1/subscriptions \u001b[36m304\u001b[0m 47.938 ms - -\u001b[0m","service":"smart-gym-api","timestamp":"2026-05-31T22:58:00.562Z"}
{"level":"http","message":"\u001b[0mGET /api/v1/attendance?limit=100&sort=-checkIn \u001b[36m304\u001b[0m 30.143 ms - -\u001b[0m","service":"smart-gym-api","timestamp":"2026-05-31T22:58:00.570Z"}
{"level":"http","message":"\u001b[0mGET /api/v1/users?limit=100 \u001b[36m304\u001b[0m 16.076 ms - -\u001b[0m","service":"smart-gym-api","timestamp":"2026-05-31T22:58:00.647Z"}
{"level":"http","message":"\u001b[0mGET /api/v1/machines?limit=100&sort=-createdAt \u001b[36m304\u001b[0m 15.627 ms - -\u001b[0m","service":"smart-gym-api","timestamp":"2026-05-31T22:58:00.654Z"}
{"level":"http","message":"\u001b[0mGET /api/v1/trainers?limit=100 \u001b[36m304\u001b[0m 9.926 ms - -\u001b[0m","service":"smart-gym-api","timestamp":"2026-05-31T22:58:00.667Z"}
{"level":"http","message":"\u001b[0mGET /api/v1/subscriptions \u001b[36m304\u001b[0m 33.388 ms - -\u001b[0m","service":"smart-gym-api","timestamp":"2026-05-31T22:58:00.693Z"}
{"level":"http","message":"\u001b[0mGET /api/v1/attendance?limit=100&sort=-checkIn \u001b[36m304\u001b[0m 37.586 ms - -\u001b[0m","service":"smart-gym-api","timestamp":"2026-05-31T22:58:00.700Z"}
{"level":"http","message":"\u001b[0mGET /api/v1/machines?limit=100&sort=-createdAt \u001b[36m304\u001b[0m 19.386 ms - -\u001b[0m","service":"smart-gym-api","timestamp":"2026-05-31T22:58:04.310Z"}
{"level":"http","message":"\u001b[0mGET /api/v1/users?limit=100 \u001b[36m304\u001b[0m 33.661 ms - -\u001b[0m","service":"smart-gym-api","timestamp":"2026-05-31T22:58:04.319Z"}
{"level":"http","message":"\u001b[0mGET /api/v1/trainers?limit=100 \u001b[36m304\u001b[0m 22.035 ms - -\u001b[0m","service":"smart-gym-api","timestamp":"2026-05-31T22:58:04.325Z"}
{"level":"http","message":"\u001b[0mGET /api/v1/machines?limit=100&sort=-createdAt \u001b[36m304\u001b[0m 21.624 ms - -\u001b[0m","service":"smart-gym-api","timestamp":"2026-05-31T22:58:04.355Z"}
{"level":"http","message":"\u001b[0mGET /api/v1/attendance?limit=100&sort=-checkIn \u001b[36m304\u001b[0m 60.815 ms - -\u001b[0m","service":"smart-gym-api","timestamp":"2026-05-31T22:58:04.361Z"}
{"level":"http","message":"\u001b[0mGET /api/v1/trainers?limit=100 \u001b[36m304\u001b[0m 26.073 ms - -\u001b[0m","service":"smart-gym-api","timestamp":"2026-05-31T22:58:04.370Z"}
{"level":"http","message":"\u001b[0mGET /api/v1/subscriptions?limit=100 \u001b[32m200\u001b[0m 67.656 ms - 1848\u001b[0m","service":"smart-gym-api","timestamp":"2026-05-31T22:58:04.373Z"}
{"level":"http","message":"\u001b[0mGET /api/v1/users?limit=100 \u001b[36m304\u001b[0m 54.046 ms - -\u001b[0m","service":"smart-gym-api","timestamp":"2026-05-31T22:58:04.391Z"}
{"level":"http","message":"\u001b[0mGET /api/v1/attendance?limit=100&sort=-checkIn \u001b[36m304\u001b[0m 38.018 ms - -\u001b[0m","service":"smart-gym-api","timestamp":"2026-05-31T22:58:04.435Z"}
{"level":"http","message":"\u001b[0mGET /api/v1/subscriptions?limit=100 \u001b[36m304\u001b[0m 36.709 ms - -\u001b[0m","service":"smart-gym-api","timestamp":"2026-05-31T22:58:04.440Z"}
{"level":"http","message":"\u001b[0mGET /api/v1/machines?limit=100&sort=-createdAt \u001b[36m304\u001b[0m 6.858 ms - -\u001b[0m","service":"smart-gym-api","timestamp":"2026-05-31T22:58:04.606Z"}
{"level":"http","message":"\u001b[0mGET /api/v1/users?limit=100 \u001b[36m304\u001b[0m 19.468 ms - -\u001b[0m","service":"smart-gym-api","timestamp":"2026-05-31T22:58:04.614Z"}
{"level":"http","message":"\u001b[0mGET /api/v1/trainers?limit=100 \u001b[36m304\u001b[0m 11.011 ms - -\u001b[0m","service":"smart-gym-api","timestamp":"2026-05-31T22:58:04.638Z"}
{"level":"http","message":"\u001b[0mGET /api/v1/subscriptions?limit=100 \u001b[36m304\u001b[0m 26.073 ms - -\u001b[0m","service":"smart-gym-api","timestamp":"2026-05-31T22:58:04.659Z"}
{"level":"http","message":"\u001b[0mGET /api/v1/attendance?limit=100&sort=-checkIn \u001b[36m304\u001b[0m 29.689 ms - -\u001b[0m","service":"smart-gym-api","timestamp":"2026-05-31T22:58:04.665Z"}
{"level":"http","message":"\u001b[0mGET /api/v1/machines?limit=100&sort=-createdAt \u001b[36m304\u001b[0m 9.340 ms - -\u001b[0m","service":"smart-gym-api","timestamp":"2026-05-31T22:59:09.375Z"}
{"level":"http","message":"\u001b[0mGET /api/v1/users?limit=100 \u001b[36m304\u001b[0m 21.042 ms - -\u001b[0m","service":"smart-gym-api","timestamp":"2026-05-31T22:59:09.384Z"}
{"level":"http","message":"\u001b[0mGET /api/v1/trainers?limit=100 \u001b[36m304\u001b[0m 20.711 ms - -\u001b[0m","service":"smart-gym-api","timestamp":"2026-05-31T22:59:09.397Z"}
{"level":"http","message":"\u001b[0mGET /api/v1/subscriptions?limit=100 \u001b[36m304\u001b[0m 27.979 ms - -\u001b[0m","service":"smart-gym-api","timestamp":"2026-05-31T22:59:09.422Z"}
{"level":"http","message":"\u001b[0mGET /api/v1/attendance?limit=100&sort=-checkIn \u001b[36m304\u001b[0m 28.857 ms - -\u001b[0m","service":"smart-gym-api","timestamp":"2026-05-31T22:59:09.428Z"}
{"level":"http","message":"\u001b[0mGET /api/v1/users?limit=100 \u001b[36m304\u001b[0m 14.319 ms - -\u001b[0m","service":"smart-gym-api","timestamp":"2026-05-31T22:59:09.548Z"}
{"level":"http","message":"\u001b[0mGET /api/v1/machines?limit=100&sort=-createdAt \u001b[36m304\u001b[0m 11.660 ms - -\u001b[0m","service":"smart-gym-api","timestamp":"2026-05-31T22:59:09.573Z"}
{"level":"http","message":"\u001b[0mGET /api/v1/trainers?limit=100 \u001b[36m304\u001b[0m 13.063 ms - -\u001b[0m","service":"smart-gym-api","timestamp":"2026-05-31T22:59:09.578Z"}
{"level":"http","message":"\u001b[0mGET /api/v1/subscriptions?limit=100 \u001b[36m304\u001b[0m 29.244 ms - -\u001b[0m","service":"smart-gym-api","timestamp":"2026-05-31T22:59:09.597Z"}
{"level":"http","message":"\u001b[0mGET /api/v1/attendance?limit=100&sort=-checkIn \u001b[36m304\u001b[0m 36.210 ms - -\u001b[0m","service":"smart-gym-api","timestamp":"2026-05-31T22:59:09.606Z"}
{"level":"http","message":"\u001b[0mGET /api/v1/machines?limit=100&sort=-createdAt \u001b[36m304\u001b[0m 19.075 ms - -\u001b[0m","service":"smart-gym-api","timestamp":"2026-05-31T22:59:09.999Z"}
{"level":"http","message":"\u001b[0mGET /api/v1/trainers?limit=100 \u001b[36m304\u001b[0m 19.646 ms - -\u001b[0m","service":"smart-gym-api","timestamp":"2026-05-31T22:59:10.002Z"}
{"level":"http","message":"\u001b[0mGET /api/v1/users?limit=100 \u001b[36m304\u001b[0m 37.139 ms - -\u001b[0m","service":"smart-gym-api","timestamp":"2026-05-31T22:59:10.014Z"}
{"level":"http","message":"\u001b[0mGET /api/v1/subscriptions?limit=100 \u001b[36m304\u001b[0m 47.287 ms - -\u001b[0m","service":"smart-gym-api","timestamp":"2026-05-31T22:59:10.034Z"}
{"level":"http","message":"\u001b[0mGET /api/v1/attendance?limit=100&sort=-checkIn \u001b[36m304\u001b[0m 48.525 ms - -\u001b[0m","service":"smart-gym-api","timestamp":"2026-05-31T22:59:10.042Z"}
{"level":"http","message":"\u001b[0mGET /api/v1/machines?limit=100&sort=-createdAt \u001b[36m304\u001b[0m 18.968 ms - -\u001b[0m","service":"smart-gym-api","timestamp":"2026-05-31T22:59:10.532Z"}
{"level":"http","message":"\u001b[0mGET /api/v1/trainers?limit=100 \u001b[36m304\u001b[0m 22.635 ms - -\u001b[0m","service":"smart-gym-api","timestamp":"2026-05-31T22:59:10.538Z"}
{"level":"http","message":"\u001b[0mGET /api/v1/users?limit=100 \u001b[36m304\u001b[0m 46.640 ms - -\u001b[0m","service":"smart-gym-api","timestamp":"2026-05-31T22:59:10.556Z"}
{"level":"http","message":"\u001b[0mGET /api/v1/subscriptions?limit=100 \u001b[36m304\u001b[0m 55.421 ms - -\u001b[0m","service":"smart-gym-api","timestamp":"2026-05-31T22:59:10.576Z"}
{"level":"http","message":"\u001b[0mGET /api/v1/attendance?limit=100&sort=-checkIn \u001b[36m304\u001b[0m 55.125 ms - -\u001b[0m","service":"smart-gym-api","timestamp":"2026-05-31T22:59:10.579Z"}
{"level":"http","message":"\u001b[0mGET /api/v1/machines?limit=100&sort=-createdAt \u001b[36m304\u001b[0m 19.136 ms - -\u001b[0m","service":"smart-gym-api","timestamp":"2026-05-31T22:59:10.690Z"}
{"level":"http","message":"\u001b[0mGET /api/v1/trainers?limit=100 \u001b[36m304\u001b[0m 17.921 ms - -\u001b[0m","service":"smart-gym-api","timestamp":"2026-05-31T22:59:10.692Z"}
{"level":"http","message":"\u001b[0mGET /api/v1/users?limit=100 \u001b[36m304\u001b[0m 33.160 ms - -\u001b[0m","service":"smart-gym-api","timestamp":"2026-05-31T22:59:10.701Z"}
{"level":"http","message":"\u001b[0mGET /api/v1/subscriptions?limit=100 \u001b[36m304\u001b[0m 44.525 ms - -\u001b[0m","service":"smart-gym-api","timestamp":"2026-05-31T22:59:10.725Z"}
{"level":"http","message":"\u001b[0mGET /api/v1/attendance?limit=100&sort=-checkIn \u001b[36m304\u001b[0m 41.259 ms - -\u001b[0m","service":"smart-gym-api","timestamp":"2026-05-31T22:59:10.728Z"}
{"level":"http","message":"\u001b[0mGET /api/v1/machines?limit=100&sort=-createdAt \u001b[36m304\u001b[0m 12.967 ms - -\u001b[0m","service":"smart-gym-api","timestamp":"2026-05-31T22:59:10.853Z"}
{"level":"http","message":"\u001b[0mGET /api/v1/users?limit=100 \u001b[36m304\u001b[0m 26.279 ms - -\u001b[0m","service":"smart-gym-api","timestamp":"2026-05-31T22:59:10.862Z"}
{"level":"http","message":"\u001b[0mGET /api/v1/trainers?limit=100 \u001b[36m304\u001b[0m 15.106 ms - -\u001b[0m","service":"smart-gym-api","timestamp":"2026-05-31T22:59:10.865Z"}
{"level":"http","message":"\u001b[0mGET /api/v1/subscriptions?limit=100 \u001b[36m304\u001b[0m 24.325 ms - -\u001b[0m","service":"smart-gym-api","timestamp":"2026-05-31T22:59:10.879Z"}
{"level":"http","message":"\u001b[0mGET /api/v1/attendance?limit=100&sort=-checkIn \u001b[36m304\u001b[0m 13.184 ms - -\u001b[0m","service":"smart-gym-api","timestamp":"2026-05-31T22:59:10.895Z"}
{"level":"http","message":"\u001b[0mGET /api/v1/users?limit=100 \u001b[36m304\u001b[0m 27.920 ms - -\u001b[0m","service":"smart-gym-api","timestamp":"2026-05-31T22:59:12.428Z"}
{"level":"http","message":"\u001b[0mGET /api/v1/machines?limit=100&sort=-createdAt \u001b[36m304\u001b[0m 26.734 ms - -\u001b[0m","service":"smart-gym-api","timestamp":"2026-05-31T22:59:12.435Z"}
{"level":"http","message":"\u001b[0mGET /api/v1/trainers?limit=100 \u001b[36m304\u001b[0m 26.558 ms - -\u001b[0m","service":"smart-gym-api","timestamp":"2026-05-31T22:59:12.438Z"}
{"level":"http","message":"\u001b[0mGET /api/v1/machines?limit=100&sort=-createdAt \u001b[36m304\u001b[0m 27.575 ms - -\u001b[0m","service":"smart-gym-api","timestamp":"2026-05-31T22:59:12.483Z"}
{"level":"http","message":"\u001b[0mGET /api/v1/subscriptions?limit=100 \u001b[36m304\u001b[0m 73.286 ms - -\u001b[0m","service":"smart-gym-api","timestamp":"2026-05-31T22:59:12.489Z"}
{"level":"http","message":"\u001b[0mGET /api/v1/attendance?limit=100&sort=-checkIn \u001b[36m304\u001b[0m 73.686 ms - -\u001b[0m","service":"smart-gym-api","timestamp":"2026-05-31T22:59:12.493Z"}
{"level":"http","message":"\u001b[0mGET /api/v1/users?limit=100 \u001b[36m304\u001b[0m 55.702 ms - -\u001b[0m","service":"smart-gym-api","timestamp":"2026-05-31T22:59:12.508Z"}
{"level":"http","message":"\u001b[0mGET /api/v1/trainers?limit=100 \u001b[36m304\u001b[0m 84.188 ms - -\u001b[0m","service":"smart-gym-api","timestamp":"2026-05-31T22:59:12.543Z"}
{"level":"http","message":"\u001b[0mGET /api/v1/subscriptions?limit=100 \u001b[36m304\u001b[0m 48.009 ms - -\u001b[0m","service":"smart-gym-api","timestamp":"2026-05-31T22:59:12.560Z"}
{"level":"http","message":"\u001b[0mGET /api/v1/attendance?limit=100&sort=-checkIn \u001b[36m304\u001b[0m 47.785 ms - -\u001b[0m","service":"smart-gym-api","timestamp":"2026-05-31T22:59:12.570Z"}
{"level":"http","message":"\u001b[0mGET /api/v1/machines?limit=100&sort=-createdAt \u001b[36m304\u001b[0m 10.810 ms - -\u001b[0m","service":"smart-gym-api","timestamp":"2026-05-31T22:59:12.807Z"}
{"level":"http","message":"\u001b[0mGET /api/v1/users?limit=100 \u001b[36m304\u001b[0m 22.508 ms - -\u001b[0m","service":"smart-gym-api","timestamp":"2026-05-31T22:59:12.816Z"}
{"level":"http","message":"\u001b[0mGET /api/v1/trainers?limit=100 \u001b[36m304\u001b[0m 10.560 ms - -\u001b[0m","service":"smart-gym-api","timestamp":"2026-05-31T22:59:12.829Z"}
{"level":"http","message":"\u001b[0mGET /api/v1/subscriptions?limit=100 \u001b[36m304\u001b[0m 29.691 ms - -\u001b[0m","service":"smart-gym-api","timestamp":"2026-05-31T22:59:12.854Z"}
{"level":"http","message":"\u001b[0mGET /api/v1/attendance?limit=100&sort=-checkIn \u001b[36m304\u001b[0m 36.791 ms - -\u001b[0m","service":"smart-gym-api","timestamp":"2026-05-31T22:59:12.863Z"}
{"level":"http","message":"\u001b[0mGET /api/v1/trainers?limit=100 \u001b[36m304\u001b[0m 9.661 ms - -\u001b[0m","service":"smart-gym-api","timestamp":"2026-05-31T22:59:18.652Z"}
{"level":"http","message":"\u001b[0mGET /api/v1/users?limit=100 \u001b[36m304\u001b[0m 61.389 ms - -\u001b[0m","service":"smart-gym-api","timestamp":"2026-05-31T22:59:18.701Z"}
{"level":"http","message":"\u001b[0mGET /api/v1/machines?limit=100&sort=-createdAt \u001b[36m304\u001b[0m 31.312 ms - -\u001b[0m","service":"smart-gym-api","timestamp":"2026-05-31T22:59:18.715Z"}
{"level":"http","message":"\u001b[0mGET /api/v1/subscriptions?limit=100 \u001b[36m304\u001b[0m 73.480 ms - -\u001b[0m","service":"smart-gym-api","timestamp":"2026-05-31T22:59:18.766Z"}
{"level":"http","message":"\u001b[0mGET /api/v1/attendance?limit=100&sort=-checkIn \u001b[36m304\u001b[0m 90.126 ms - -\u001b[0m","service":"smart-gym-api","timestamp":"2026-05-31T22:59:18.785Z"}
{"level":"http","message":"\u001b[0mGET /api/v1/trainers?limit=100 \u001b[36m304\u001b[0m 17.479 ms - -\u001b[0m","service":"smart-gym-api","timestamp":"2026-05-31T22:59:18.855Z"}
{"level":"http","message":"\u001b[0mGET /api/v1/machines?limit=100&sort=-createdAt \u001b[36m304\u001b[0m 23.915 ms - -\u001b[0m","service":"smart-gym-api","timestamp":"2026-05-31T22:59:18.865Z"}
{"level":"http","message":"\u001b[0mGET /api/v1/users?limit=100 \u001b[36m304\u001b[0m 54.562 ms - -\u001b[0m","service":"smart-gym-api","timestamp":"2026-05-31T22:59:18.889Z"}
{"level":"http","message":"\u001b[0mGET /api/v1/subscriptions?limit=100 \u001b[36m304\u001b[0m 63.063 ms - -\u001b[0m","service":"smart-gym-api","timestamp":"2026-05-31T22:59:18.911Z"}
{"level":"http","message":"\u001b[0mGET /api/v1/attendance?limit=100&sort=-checkIn \u001b[36m304\u001b[0m 67.006 ms - -\u001b[0m","service":"smart-gym-api","timestamp":"2026-05-31T22:59:18.916Z"}
{"level":"http","message":"\u001b[0mGET /api/v1/users?limit=100 \u001b[36m304\u001b[0m 15.572 ms - -\u001b[0m","service":"smart-gym-api","timestamp":"2026-05-31T22:59:19.234Z"}
{"level":"http","message":"\u001b[0mGET /api/v1/trainers?limit=100 \u001b[36m304\u001b[0m 14.060 ms - -\u001b[0m","service":"smart-gym-api","timestamp":"2026-05-31T22:59:19.290Z"}
{"level":"http","message":"\u001b[0mGET /api/v1/machines?limit=100&sort=-createdAt \u001b[36m304\u001b[0m 16.380 ms - -\u001b[0m","service":"smart-gym-api","timestamp":"2026-05-31T22:59:19.297Z"}
{"level":"http","message":"\u001b[0mGET /api/v1/subscriptions?limit=100 \u001b[36m304\u001b[0m 33.267 ms - -\u001b[0m","service":"smart-gym-api","timestamp":"2026-05-31T22:59:19.317Z"}
{"level":"http","message":"\u001b[0mGET /api/v1/attendance?limit=100&sort=-checkIn \u001b[36m304\u001b[0m 34.886 ms - -\u001b[0m","service":"smart-gym-api","timestamp":"2026-05-31T22:59:19.321Z"}
{"level":"http","message":"\u001b[0mGET /api/v1/trainers?limit=100 \u001b[36m304\u001b[0m 7.168 ms - -\u001b[0m","service":"smart-gym-api","timestamp":"2026-05-31T22:59:21.422Z"}
{"level":"http","message":"\u001b[0mGET /api/v1/users?limit=100 \u001b[36m304\u001b[0m 22.443 ms - -\u001b[0m","service":"smart-gym-api","timestamp":"2026-05-31T22:59:21.434Z"}
{"level":"http","message":"\u001b[0mGET /api/v1/machines?limit=100&sort=-createdAt \u001b[36m304\u001b[0m 19.978 ms - -\u001b[0m","service":"smart-gym-api","timestamp":"2026-05-31T22:59:21.446Z"}
{"level":"http","message":"\u001b[0mGET /api/v1/subscriptions?limit=100 \u001b[36m304\u001b[0m 33.104 ms - -\u001b[0m","service":"smart-gym-api","timestamp":"2026-05-31T22:59:21.469Z"}
{"level":"http","message":"\u001b[0mGET /api/v1/attendance?limit=100&sort=-checkIn \u001b[36m304\u001b[0m 39.800 ms - -\u001b[0m","service":"smart-gym-api","timestamp":"2026-05-31T22:59:21.479Z"}
{"level":"http","message":"\u001b[0mGET /api/v1/trainers?limit=100 \u001b[36m304\u001b[0m 10.092 ms - -\u001b[0m","service":"smart-gym-api","timestamp":"2026-05-31T22:59:21.632Z"}
{"level":"http","message":"\u001b[0mGET /api/v1/machines?limit=100&sort=-createdAt \u001b[36m304\u001b[0m 11.981 ms - -\u001b[0m","service":"smart-gym-api","timestamp":"2026-05-31T22:59:21.638Z"}
{"level":"http","message":"\u001b[0mGET /api/v1/users?limit=100 \u001b[36m304\u001b[0m 27.665 ms - -\u001b[0m","service":"smart-gym-api","timestamp":"2026-05-31T22:59:21.647Z"}
{"level":"http","message":"\u001b[0mGET /api/v1/subscriptions?limit=100 \u001b[36m304\u001b[0m 22.186 ms - -\u001b[0m","service":"smart-gym-api","timestamp":"2026-05-31T22:59:21.683Z"}
{"level":"http","message":"\u001b[0mGET /api/v1/attendance?limit=100&sort=-checkIn \u001b[36m304\u001b[0m 22.020 ms - -\u001b[0m","service":"smart-gym-api","timestamp":"2026-05-31T22:59:21.686Z"}
{"level":"http","message":"\u001b[0mGET /api/v1/users?limit=100 \u001b[36m304\u001b[0m 16.102 ms - -\u001b[0m","service":"smart-gym-api","timestamp":"2026-05-31T22:59:21.959Z"}
{"level":"http","message":"\u001b[0mGET /api/v1/trainers?limit=100 \u001b[36m304\u001b[0m 11.369 ms - -\u001b[0m","service":"smart-gym-api","timestamp":"2026-05-31T22:59:21.961Z"}
{"level":"http","message":"\u001b[0mGET /api/v1/machines?limit=100&sort=-createdAt \u001b[36m304\u001b[0m 7.172 ms - -\u001b[0m","service":"smart-gym-api","timestamp":"2026-05-31T22:59:21.972Z"}
{"level":"http","message":"\u001b[0mGET /api/v1/subscriptions?limit=100 \u001b[36m304\u001b[0m 26.772 ms - -\u001b[0m","service":"smart-gym-api","timestamp":"2026-05-31T22:59:22.040Z"}
{"level":"http","message":"\u001b[0mGET /api/v1/attendance?limit=100&sort=-checkIn \u001b[36m304\u001b[0m 26.678 ms - -\u001b[0m","service":"smart-gym-api","timestamp":"2026-05-31T22:59:22.046Z"}
{"level":"http","message":"\u001b[0mGET /api/v1/trainers?limit=100 \u001b[36m304\u001b[0m 20.668 ms - -\u001b[0m","service":"smart-gym-api","timestamp":"2026-05-31T22:59:58.694Z"}
{"level":"http","message":"\u001b[0mGET /api/v1/machines?limit=100&sort=-createdAt \u001b[36m304\u001b[0m 50.551 ms - -\u001b[0m","service":"smart-gym-api","timestamp":"2026-05-31T22:59:58.727Z"}
{"level":"http","message":"\u001b[0mGET /api/v1/users?limit=100 \u001b[36m304\u001b[0m 124.297 ms - -\u001b[0m","service":"smart-gym-api","timestamp":"2026-05-31T22:59:58.794Z"}
{"level":"http","message":"\u001b[0mGET /api/v1/subscriptions?limit=100 \u001b[36m304\u001b[0m 141.592 ms - -\u001b[0m","service":"smart-gym-api","timestamp":"2026-05-31T22:59:58.822Z"}
{"level":"http","message":"\u001b[0mGET /api/v1/attendance?limit=100&sort=-checkIn \u001b[36m304\u001b[0m 145.320 ms - -\u001b[0m","service":"smart-gym-api","timestamp":"2026-05-31T22:59:58.829Z"}
{"level":"http","message":"\u001b[0mGET /api/v1/attendance?limit=100&sort=-checkIn \u001b[36m304\u001b[0m 11.195 ms - -\u001b[0m","service":"smart-gym-api","timestamp":"2026-05-31T23:00:09.877Z"}
{"level":"http","message":"\u001b[0mGET /api/v1/subscriptions?limit=100 \u001b[36m304\u001b[0m 7.056 ms - -\u001b[0m","service":"smart-gym-api","timestamp":"2026-05-31T23:00:13.784Z"}
{"level":"http","message":"\u001b[0mGET /api/v1/machines?limit=100&sort=-createdAt \u001b[36m304\u001b[0m 5.958 ms - -\u001b[0m","service":"smart-gym-api","timestamp":"2026-05-31T23:00:22.463Z"}
{"level":"http","message":"\u001b[0mGET /api/v1/trainers?limit=100 \u001b[36m304\u001b[0m 4.624 ms - -\u001b[0m","service":"smart-gym-api","timestamp":"2026-05-31T23:00:24.449Z"}
{"level":"http","message":"\u001b[0mGET /api/v1/trainers?limit=100 \u001b[36m304\u001b[0m 2.845 ms - -\u001b[0m","service":"smart-gym-api","timestamp":"2026-05-31T23:00:26.786Z"}
{"level":"http","message":"\u001b[0mGET /api/v1/trainers?limit=100 \u001b[36m304\u001b[0m 3.420 ms - -\u001b[0m","service":"smart-gym-api","timestamp":"2026-05-31T23:00:27.007Z"}
{"level":"http","message":"\u001b[0mGET /api/v1/users?limit=100 \u001b[36m304\u001b[0m 17.436 ms - -\u001b[0m","service":"smart-gym-api","timestamp":"2026-05-31T23:00:28.704Z"}
{"level":"http","message":"\u001b[0mGET /api/v1/users?limit=100 \u001b[36m304\u001b[0m 24.651 ms - -\u001b[0m","service":"smart-gym-api","timestamp":"2026-05-31T23:00:31.343Z"}
{"level":"http","message":"\u001b[0mGET /api/v1/trainers?limit=100 \u001b[36m304\u001b[0m 11.678 ms - -\u001b[0m","service":"smart-gym-api","timestamp":"2026-05-31T23:00:31.358Z"}
{"level":"http","message":"\u001b[0mGET /api/v1/machines?limit=100&sort=-createdAt \u001b[36m304\u001b[0m 13.751 ms - -\u001b[0m","service":"smart-gym-api","timestamp":"2026-05-31T23:00:31.362Z"}
{"level":"http","message":"\u001b[0mGET /api/v1/subscriptions?limit=100 \u001b[36m304\u001b[0m 32.782 ms - -\u001b[0m","service":"smart-gym-api","timestamp":"2026-05-31T23:00:31.383Z"}
{"level":"http","message":"\u001b[0mGET /api/v1/attendance?limit=100&sort=-checkIn \u001b[36m304\u001b[0m 33.691 ms - -\u001b[0m","service":"smart-gym-api","timestamp":"2026-05-31T23:00:31.387Z"}
{"level":"http","message":"\u001b[0mGET /api/v1/attendance?limit=100&sort=-checkIn \u001b[36m304\u001b[0m 19.970 ms - -\u001b[0m","service":"smart-gym-api","timestamp":"2026-05-31T23:00:41.581Z"}
{"level":"http","message":"\u001b[0mGET /api/v1/subscriptions?limit=100 \u001b[36m304\u001b[0m 7.299 ms - -\u001b[0m","service":"smart-gym-api","timestamp":"2026-05-31T23:00:45.412Z"}
{"level":"http","message":"\u001b[0mGET /api/v1/trainers?limit=100 \u001b[36m304\u001b[0m 2.995 ms - -\u001b[0m","service":"smart-gym-api","timestamp":"2026-05-31T23:00:48.667Z"}
{"level":"http","message":"\u001b[0mGET /api/v1/attendance?limit=100&sort=-checkIn \u001b[36m304\u001b[0m 8.822 ms - -\u001b[0m","service":"smart-gym-api","timestamp":"2026-05-31T23:04:01.918Z"}
{"level":"http","message":"\u001b[0mGET /api/v1/users?limit=100 \u001b[36m304\u001b[0m 20.839 ms - -\u001b[0m","service":"smart-gym-api","timestamp":"2026-05-31T23:04:15.317Z"}
{"level":"http","message":"\u001b[0mGET /api/v1/trainers?limit=100 \u001b[36m304\u001b[0m 16.151 ms - -\u001b[0m","service":"smart-gym-api","timestamp":"2026-05-31T23:04:15.318Z"}
{"level":"http","message":"\u001b[0mGET /api/v1/machines?limit=100&sort=-createdAt \u001b[36m304\u001b[0m 16.400 ms - -\u001b[0m","service":"smart-gym-api","timestamp":"2026-05-31T23:04:15.322Z"}
{"level":"http","message":"\u001b[0mGET /api/v1/subscriptions?limit=100 \u001b[36m304\u001b[0m 33.759 ms - -\u001b[0m","service":"smart-gym-api","timestamp":"2026-05-31T23:04:15.342Z"}
{"level":"http","message":"\u001b[0mGET /api/v1/attendance?limit=100&sort=-checkIn \u001b[36m304\u001b[0m 34.355 ms - -\u001b[0m","service":"smart-gym-api","timestamp":"2026-05-31T23:04:15.345Z"}
{"level":"http","message":"\u001b[0mGET /api/v1/users?limit=100 \u001b[36m304\u001b[0m 16.189 ms - -\u001b[0m","service":"smart-gym-api","timestamp":"2026-05-31T23:04:16.588Z"}
{"level":"http","message":"\u001b[0mGET /api/v1/machines?limit=100&sort=-createdAt \u001b[36m304\u001b[0m 10.905 ms - -\u001b[0m","service":"smart-gym-api","timestamp":"2026-05-31T23:04:18.515Z"}
{"level":"http","message":"\u001b[0mGET /api/v1/subscriptions?limit=100 \u001b[36m304\u001b[0m 14.631 ms - -\u001b[0m","service":"smart-gym-api","timestamp":"2026-05-31T23:04:19.908Z"}
{"level":"http","message":"\u001b[0mGET /api/v1/attendance?limit=100&sort=-checkIn \u001b[36m304\u001b[0m 13.569 ms - -\u001b[0m","service":"smart-gym-api","timestamp":"2026-05-31T23:04:28.327Z"}
{"level":"http","message":"\u001b[0mGET /api/v1/trainers?limit=100 \u001b[36m304\u001b[0m 3.478 ms - -\u001b[0m","service":"smart-gym-api","timestamp":"2026-05-31T23:04:34.961Z"}
{"level":"info","message":"User logged in: dd@gmail.com","service":"smart-gym-api","timestamp":"2026-05-31T23:17:24.993Z"}
{"level":"http","message":"\u001b[0mPOST /api/v1/auth/login \u001b[32m200\u001b[0m 293.770 ms - 424\u001b[0m","service":"smart-gym-api","timestamp":"2026-05-31T23:17:24.995Z"}
{"level":"http","message":"\u001b[0mGET /api/v1/users?limit=100 \u001b[36m304\u001b[0m 22.435 ms - -\u001b[0m","service":"smart-gym-api","timestamp":"2026-05-31T23:17:25.113Z"}
{"level":"http","message":"\u001b[0mGET /api/v1/trainers?limit=100 \u001b[36m304\u001b[0m 19.232 ms - -\u001b[0m","service":"smart-gym-api","timestamp":"2026-05-31T23:17:25.121Z"}
{"level":"http","message":"\u001b[0mGET /api/v1/machines?limit=100&sort=-createdAt \u001b[36m304\u001b[0m 16.679 ms - -\u001b[0m","service":"smart-gym-api","timestamp":"2026-05-31T23:17:25.134Z"}
{"level":"http","message":"\u001b[0mGET /api/v1/subscriptions?limit=100 \u001b[36m304\u001b[0m 43.293 ms - -\u001b[0m","service":"smart-gym-api","timestamp":"2026-05-31T23:17:25.183Z"}
{"level":"http","message":"\u001b[0mGET /api/v1/attendance?limit=100&sort=-checkIn \u001b[36m304\u001b[0m 42.824 ms - -\u001b[0m","service":"smart-gym-api","timestamp":"2026-05-31T23:17:25.190Z"}
{"level":"http","message":"\u001b[0mGET /api/v1/users?limit=100 \u001b[36m304\u001b[0m 18.562 ms - -\u001b[0m","service":"smart-gym-api","timestamp":"2026-05-31T23:17:32.130Z"}
{"level":"http","message":"\u001b[0mGET /api/v1/trainers?limit=100 \u001b[36m304\u001b[0m 20.318 ms - -\u001b[0m","service":"smart-gym-api","timestamp":"2026-05-31T23:17:32.156Z"}
{"level":"http","message":"\u001b[0mGET /api/v1/machines?limit=100&sort=-createdAt \u001b[36m304\u001b[0m 25.217 ms - -\u001b[0m","service":"smart-gym-api","timestamp":"2026-05-31T23:17:32.163Z"}
{"level":"http","message":"\u001b[0mGET /api/v1/subscriptions?limit=100 \u001b[36m304\u001b[0m 50.725 ms - -\u001b[0m","service":"smart-gym-api","timestamp":"2026-05-31T23:17:32.197Z"}
{"level":"http","message":"\u001b[0mGET /api/v1/attendance?limit=100&sort=-checkIn \u001b[36m304\u001b[0m 58.267 ms - -\u001b[0m","service":"smart-gym-api","timestamp":"2026-05-31T23:17:32.221Z"}
{"level":"http","message":"\u001b[0mGET /api/v1/trainers?limit=100 \u001b[36m304\u001b[0m 10.936 ms - -\u001b[0m","service":"smart-gym-api","timestamp":"2026-05-31T23:17:35.107Z"}
{"level":"http","message":"\u001b[0mGET /api/v1/users?limit=100 \u001b[36m304\u001b[0m 26.392 ms - -\u001b[0m","service":"smart-gym-api","timestamp":"2026-05-31T23:17:37.706Z"}
{"level":"http","message":"\u001b[0mGET /api/v1/trainers?limit=100 \u001b[36m304\u001b[0m 21.009 ms - -\u001b[0m","service":"smart-gym-api","timestamp":"2026-05-31T23:17:37.708Z"}
{"level":"http","message":"\u001b[0mGET /api/v1/machines?limit=100&sort=-createdAt \u001b[36m304\u001b[0m 20.971 ms - -\u001b[0m","service":"smart-gym-api","timestamp":"2026-05-31T23:17:37.711Z"}
{"level":"http","message":"\u001b[0mGET /api/v1/subscriptions?limit=100 \u001b[36m304\u001b[0m 53.603 ms - -\u001b[0m","service":"smart-gym-api","timestamp":"2026-05-31T23:17:37.747Z"}
{"level":"http","message":"\u001b[0mGET /api/v1/attendance?limit=100&sort=-checkIn \u001b[36m304\u001b[0m 57.064 ms - -\u001b[0m","service":"smart-gym-api","timestamp":"2026-05-31T23:17:37.752Z"}
{"level":"warn","message":"SIGINT received — shutting down gracefully…","service":"smart-gym-api","timestamp":"2026-05-31T23:18:01.603Z"}
{"level":"info","message":"MongoDB connected: localhost","service":"smart-gym-api","timestamp":"2026-05-31T23:18:11.529Z"}
{"level":"info","message":"🚀  Smart Gym API running on port 5000 [development]","service":"smart-gym-api","timestamp":"2026-05-31T23:18:11.537Z"}
{"level":"http","message":"\u001b[0mGET /api/v1/trainers?limit=100 \u001b[36m304\u001b[0m 91.988 ms - -\u001b[0m","service":"smart-gym-api","timestamp":"2026-05-31T23:18:20.112Z"}
{"level":"http","message":"\u001b[0mGET /api/v1/machines?limit=100&sort=-createdAt \u001b[36m304\u001b[0m 70.302 ms - -\u001b[0m","service":"smart-gym-api","timestamp":"2026-05-31T23:18:20.126Z"}
{"level":"http","message":"\u001b[0mGET /api/v1/subscriptions?limit=100 \u001b[32m200\u001b[0m 118.493 ms - 1859\u001b[0m","service":"smart-gym-api","timestamp":"2026-05-31T23:18:20.184Z"}
{"level":"http","message":"\u001b[0mGET /api/v1/users?limit=100 \u001b[32m200\u001b[0m 220.942 ms - 6372\u001b[0m","service":"smart-gym-api","timestamp":"2026-05-31T23:18:20.206Z"}
{"level":"http","message":"\u001b[0mGET /api/v1/attendance?limit=100&sort=-checkIn \u001b[36m304\u001b[0m 148.490 ms - -\u001b[0m","service":"smart-gym-api","timestamp":"2026-05-31T23:18:20.218Z"}
{"level":"http","message":"\u001b[0mGET /api/v1/trainers?limit=100 \u001b[36m304\u001b[0m 48.468 ms - -\u001b[0m","service":"smart-gym-api","timestamp":"2026-05-31T23:18:22.332Z"}
{"level":"http","message":"\u001b[0mGET /api/v1/machines?limit=100&sort=-createdAt \u001b[36m304\u001b[0m 56.056 ms - -\u001b[0m","service":"smart-gym-api","timestamp":"2026-05-31T23:18:22.347Z"}
{"level":"http","message":"\u001b[0mGET /api/v1/users?limit=100 \u001b[36m304\u001b[0m 125.072 ms - -\u001b[0m","service":"smart-gym-api","timestamp":"2026-05-31T23:18:22.399Z"}
{"level":"http","message":"\u001b[0mGET /api/v1/subscriptions?limit=100 \u001b[36m304\u001b[0m 136.816 ms - -\u001b[0m","service":"smart-gym-api","timestamp":"2026-05-31T23:18:22.434Z"}
{"level":"http","message":"\u001b[0mGET /api/v1/attendance?limit=100&sort=-checkIn \u001b[36m304\u001b[0m 139.919 ms - -\u001b[0m","service":"smart-gym-api","timestamp":"2026-05-31T23:18:22.443Z"}
{"level":"http","message":"\u001b[0mGET /api/v1/trainers?limit=100 \u001b[36m304\u001b[0m 4.800 ms - -\u001b[0m","service":"smart-gym-api","timestamp":"2026-05-31T23:18:24.256Z"}
{"level":"http","message":"\u001b[0mGET /api/v1/trainers?limit=100 \u001b[36m304\u001b[0m 2.871 ms - -\u001b[0m","service":"smart-gym-api","timestamp":"2026-05-31T23:18:31.552Z"}
{"level":"http","message":"\u001b[0mGET /api/v1/machines?limit=100&sort=-createdAt \u001b[36m304\u001b[0m 4.878 ms - -\u001b[0m","service":"smart-gym-api","timestamp":"2026-05-31T23:18:33.894Z"}
{"level":"http","message":"\u001b[0mGET /api/v1/subscriptions?limit=100 \u001b[36m304\u001b[0m 19.535 ms - -\u001b[0m","service":"smart-gym-api","timestamp":"2026-05-31T23:18:36.404Z"}
{"level":"http","message":"\u001b[0mGET /api/v1/machines?limit=100&sort=-createdAt \u001b[36m304\u001b[0m 14.579 ms - -\u001b[0m","service":"smart-gym-api","timestamp":"2026-05-31T23:18:37.809Z"}
{"level":"http","message":"\u001b[0mGET /api/v1/users?limit=100 \u001b[36m304\u001b[0m 34.494 ms - -\u001b[0m","service":"smart-gym-api","timestamp":"2026-05-31T23:18:37.834Z"}
{"level":"http","message":"\u001b[0mGET /api/v1/trainers?limit=100 \u001b[36m304\u001b[0m 21.059 ms - -\u001b[0m","service":"smart-gym-api","timestamp":"2026-05-31T23:18:37.839Z"}
{"level":"http","message":"\u001b[0mGET /api/v1/subscriptions?limit=100 \u001b[36m304\u001b[0m 44.841 ms - -\u001b[0m","service":"smart-gym-api","timestamp":"2026-05-31T23:18:37.848Z"}
{"level":"http","message":"\u001b[0mGET /api/v1/attendance?limit=100&sort=-checkIn \u001b[36m304\u001b[0m 34.597 ms - -\u001b[0m","service":"smart-gym-api","timestamp":"2026-05-31T23:18:37.856Z"}
{"level":"http","message":"\u001b[0mGET /api/v1/users?limit=100 \u001b[36m304\u001b[0m 18.251 ms - -\u001b[0m","service":"smart-gym-api","timestamp":"2026-05-31T23:18:42.846Z"}
{"level":"http","message":"\u001b[0mGET /api/v1/trainers?limit=100 \u001b[36m304\u001b[0m 2.754 ms - -\u001b[0m","service":"smart-gym-api","timestamp":"2026-05-31T23:18:48.980Z"}
{"level":"http","message":"\u001b[0mGET /api/v1/trainers?limit=100 \u001b[36m304\u001b[0m 24.260 ms - -\u001b[0m","service":"smart-gym-api","timestamp":"2026-05-31T23:20:15.115Z"}
{"level":"http","message":"\u001b[0mGET /api/v1/users?limit=100 \u001b[36m304\u001b[0m 60.769 ms - -\u001b[0m","service":"smart-gym-api","timestamp":"2026-05-31T23:20:15.148Z"}
{"level":"http","message":"\u001b[0mGET /api/v1/machines?limit=100&sort=-createdAt \u001b[36m304\u001b[0m 58.102 ms - -\u001b[0m","service":"smart-gym-api","timestamp":"2026-05-31T23:20:15.167Z"}
{"level":"http","message":"\u001b[0mGET /api/v1/attendance?limit=100&sort=-checkIn \u001b[36m304\u001b[0m 116.544 ms - -\u001b[0m","service":"smart-gym-api","timestamp":"2026-05-31T23:20:15.217Z"}
{"level":"http","message":"\u001b[0mGET /api/v1/subscriptions?limit=100 \u001b[36m304\u001b[0m 180.732 ms - -\u001b[0m","service":"smart-gym-api","timestamp":"2026-05-31T23:20:15.278Z"}
{"level":"http","message":"\u001b[0mGET /api/v1/users?limit=100 \u001b[36m304\u001b[0m 14.961 ms - -\u001b[0m","service":"smart-gym-api","timestamp":"2026-05-31T23:20:18.549Z"}
{"level":"warn","message":"MongoDB disconnected","service":"smart-gym-api","timestamp":"2026-06-01T01:25:55.581Z"}
{"level":"info","message":"MongoDB connected: localhost","service":"smart-gym-api","timestamp":"2026-06-01T01:55:37.557Z"}
{"level":"info","message":"🚀  Smart Gym API running on port 5000 [development]","service":"smart-gym-api","timestamp":"2026-06-01T01:55:37.566Z"}
{"level":"info","message":"MongoDB connected: localhost","service":"smart-gym-api","timestamp":"2026-06-01T02:19:24.175Z"}
{"level":"info","message":"🚀  Smart Gym API running on port 5000 [development]","service":"smart-gym-api","timestamp":"2026-06-01T02:19:24.183Z"}
{"level":"info","message":"User logged in: dd@gmail.com","service":"smart-gym-api","timestamp":"2026-06-01T02:19:49.438Z"}
{"level":"http","message":"\u001b[0mPOST /api/v1/auth/login \u001b[32m200\u001b[0m 464.930 ms - 424\u001b[0m","service":"smart-gym-api","timestamp":"2026-06-01T02:19:49.452Z"}
{"level":"http","message":"\u001b[0mGET /api/v1/trainers?limit=100 \u001b[36m304\u001b[0m 29.241 ms - -\u001b[0m","service":"smart-gym-api","timestamp":"2026-06-01T02:20:05.518Z"}
{"level":"http","message":"\u001b[0mGET /api/v1/machines?limit=100&sort=-createdAt \u001b[36m304\u001b[0m 32.598 ms - -\u001b[0m","service":"smart-gym-api","timestamp":"2026-06-01T02:20:05.528Z"}
{"level":"http","message":"\u001b[0mGET /api/v1/subscriptions?limit=100 \u001b[36m304\u001b[0m 72.110 ms - -\u001b[0m","service":"smart-gym-api","timestamp":"2026-06-01T02:20:05.572Z"}
{"level":"http","message":"\u001b[0mGET /api/v1/users?limit=100 \u001b[36m304\u001b[0m 113.965 ms - -\u001b[0m","service":"smart-gym-api","timestamp":"2026-06-01T02:20:05.596Z"}
{"level":"http","message":"\u001b[0mGET /api/v1/attendance?limit=100&sort=-checkIn \u001b[36m304\u001b[0m 109.594 ms - -\u001b[0m","service":"smart-gym-api","timestamp":"2026-06-01T02:20:05.614Z"}
{"level":"http","message":"\u001b[0mGET /api/v1/trainers?limit=100 \u001b[36m304\u001b[0m 20.816 ms - -\u001b[0m","service":"smart-gym-api","timestamp":"2026-06-01T02:20:14.999Z"}
{"level":"http","message":"\u001b[0mGET /api/v1/machines?limit=100&sort=-createdAt \u001b[36m304\u001b[0m 22.930 ms - -\u001b[0m","service":"smart-gym-api","timestamp":"2026-06-01T02:20:15.005Z"}
{"level":"http","message":"\u001b[0mGET /api/v1/users?limit=100 \u001b[36m304\u001b[0m 63.003 ms - -\u001b[0m","service":"smart-gym-api","timestamp":"2026-06-01T02:20:15.036Z"}
{"level":"http","message":"\u001b[0mGET /api/v1/subscriptions?limit=100 \u001b[36m304\u001b[0m 74.894 ms - -\u001b[0m","service":"smart-gym-api","timestamp":"2026-06-01T02:20:15.061Z"}
{"level":"http","message":"\u001b[0mGET /api/v1/attendance?limit=100&sort=-checkIn \u001b[36m304\u001b[0m 74.790 ms - -\u001b[0m","service":"smart-gym-api","timestamp":"2026-06-01T02:20:15.067Z"}
{"level":"http","message":"\u001b[0mGET /api/v1/users?limit=100 \u001b[36m304\u001b[0m 15.642 ms - -\u001b[0m","service":"smart-gym-api","timestamp":"2026-06-01T02:20:17.912Z"}
{"level":"http","message":"\u001b[0mGET /api/v1/trainers?limit=100 \u001b[36m304\u001b[0m 11.920 ms - -\u001b[0m","service":"smart-gym-api","timestamp":"2026-06-01T02:20:21.825Z"}
{"level":"info","message":"Trainer profile created for user: 6a1c851542ce69a8604a8b97","service":"smart-gym-api","timestamp":"2026-06-01T02:20:45.043Z"}
{"level":"http","message":"\u001b[0mPOST /api/v1/trainers/for-user/6a1c851542ce69a8604a8b97 \u001b[32m201\u001b[0m 89.714 ms - 802\u001b[0m","service":"smart-gym-api","timestamp":"2026-06-01T02:20:45.051Z"}
{"level":"warn","message":"[POST] /api/v1/trainers/for-user/6a1c851542ce69a8604a8b97 → 409 [INTERNAL_ERROR]: Trainer profile already exists for this user.","service":"smart-gym-api","timestamp":"2026-06-01T02:20:46.587Z","userId":"6a1c99419f6d4a83fd05589e"}
{"level":"http","message":"\u001b[0mPOST /api/v1/trainers/for-user/6a1c851542ce69a8604a8b97 \u001b[33m409\u001b[0m 31.072 ms - 503\u001b[0m","service":"smart-gym-api","timestamp":"2026-06-01T02:20:46.591Z"}
{"level":"info","message":"Trainer profile created for user: 6a1c182b1435626b44e7d4b9","service":"smart-gym-api","timestamp":"2026-06-01T02:21:26.243Z"}
{"level":"http","message":"\u001b[0mPOST /api/v1/trainers/for-user/6a1c182b1435626b44e7d4b9 \u001b[32m201\u001b[0m 47.334 ms - 801\u001b[0m","service":"smart-gym-api","timestamp":"2026-06-01T02:21:26.252Z"}
{"level":"warn","message":"[POST] /api/v1/trainers/for-user/6a1c182b1435626b44e7d4b9 → 409 [INTERNAL_ERROR]: Trainer profile already exists for this user.","service":"smart-gym-api","timestamp":"2026-06-01T02:21:28.225Z","userId":"6a1c99419f6d4a83fd05589e"}
{"level":"http","message":"\u001b[0mPOST /api/v1/trainers/for-user/6a1c182b1435626b44e7d4b9 \u001b[33m409\u001b[0m 21.418 ms - 503\u001b[0m","service":"smart-gym-api","timestamp":"2026-06-01T02:21:28.228Z"}
{"level":"http","message":"\u001b[0mGET /api/v1/machines?limit=100&sort=-createdAt \u001b[36m304\u001b[0m 6.057 ms - -\u001b[0m","service":"smart-gym-api","timestamp":"2026-06-01T02:21:30.045Z"}
{"level":"http","message":"\u001b[0mGET /api/v1/subscriptions?limit=100 \u001b[36m304\u001b[0m 24.214 ms - -\u001b[0m","service":"smart-gym-api","timestamp":"2026-06-01T02:21:38.189Z"}
{"level":"http","message":"\u001b[0mGET /api/v1/attendance?limit=100&sort=-checkIn \u001b[36m304\u001b[0m 24.295 ms - -\u001b[0m","service":"smart-gym-api","timestamp":"2026-06-01T02:21:40.724Z"}
{"level":"http","message":"\u001b[0mGET /api/v1/attendance?limit=100&sort=-checkIn \u001b[36m304\u001b[0m 31.433 ms - -\u001b[0m","service":"smart-gym-api","timestamp":"2026-06-01T02:21:54.718Z"}
{"level":"http","message":"\u001b[0mGET /api/v1/machines?limit=100&sort=-createdAt \u001b[36m304\u001b[0m 58.590 ms - -\u001b[0m","service":"smart-gym-api","timestamp":"2026-06-01T02:22:12.968Z"}
{"level":"http","message":"\u001b[0mGET /api/v1/users?limit=100 \u001b[32m200\u001b[0m 125.869 ms - 6378\u001b[0m","service":"smart-gym-api","timestamp":"2026-06-01T02:22:13.020Z"}
{"level":"http","message":"\u001b[0mGET /api/v1/trainers?limit=100 \u001b[32m200\u001b[0m 130.188 ms - 1616\u001b[0m","service":"smart-gym-api","timestamp":"2026-06-01T02:22:13.032Z"}
{"level":"http","message":"\u001b[0mGET /api/v1/subscriptions?limit=100 \u001b[36m304\u001b[0m 138.939 ms - -\u001b[0m","service":"smart-gym-api","timestamp":"2026-06-01T02:22:13.059Z"}
{"level":"http","message":"\u001b[0mGET /api/v1/attendance?limit=100&sort=-checkIn \u001b[36m304\u001b[0m 135.568 ms - -\u001b[0m","service":"smart-gym-api","timestamp":"2026-06-01T02:22:13.066Z"}
{"level":"http","message":"\u001b[0mGET /api/v1/attendance?limit=100&sort=-checkIn \u001b[36m304\u001b[0m 23.111 ms - -\u001b[0m","service":"smart-gym-api","timestamp":"2026-06-01T02:22:20.917Z"}
{"level":"http","message":"\u001b[0mGET /api/v1/machines?limit=100&sort=-createdAt \u001b[36m304\u001b[0m 19.148 ms - -\u001b[0m","service":"smart-gym-api","timestamp":"2026-06-01T02:22:33.684Z"}
{"level":"http","message":"\u001b[0mGET /api/v1/users?limit=100 \u001b[36m304\u001b[0m 47.468 ms - -\u001b[0m","service":"smart-gym-api","timestamp":"2026-06-01T02:22:33.705Z"}
{"level":"http","message":"\u001b[0mGET /api/v1/trainers?limit=100 \u001b[36m304\u001b[0m 46.397 ms - -\u001b[0m","service":"smart-gym-api","timestamp":"2026-06-01T02:22:33.715Z"}
{"level":"http","message":"\u001b[0mGET /api/v1/subscriptions?limit=100 \u001b[36m304\u001b[0m 51.404 ms - -\u001b[0m","service":"smart-gym-api","timestamp":"2026-06-01T02:22:33.723Z"}
{"level":"http","message":"\u001b[0mGET /api/v1/attendance?limit=100&sort=-checkIn \u001b[36m304\u001b[0m 43.662 ms - -\u001b[0m","service":"smart-gym-api","timestamp":"2026-06-01T02:22:33.729Z"}
{"level":"info","message":"User logged in: ccc@gmail.com","service":"smart-gym-api","timestamp":"2026-06-01T02:22:50.760Z"}
{"level":"http","message":"\u001b[0mPOST /api/v1/auth/login \u001b[32m200\u001b[0m 819.330 ms - 430\u001b[0m","service":"smart-gym-api","timestamp":"2026-06-01T02:22:50.761Z"}
{"level":"http","message":"\u001b[0mGET /api/v1/exercises \u001b[36m304\u001b[0m 9.154 ms - -\u001b[0m","service":"smart-gym-api","timestamp":"2026-06-01T02:22:50.834Z"}
{"level":"http","message":"\u001b[0mGET /api/v1/trainers?limit=100 \u001b[36m304\u001b[0m 18.151 ms - -\u001b[0m","service":"smart-gym-api","timestamp":"2026-06-01T02:22:50.840Z"}
{"level":"http","message":"\u001b[0mGET /api/v1/workout-plans \u001b[36m304\u001b[0m 13.699 ms - -\u001b[0m","service":"smart-gym-api","timestamp":"2026-06-01T02:22:50.842Z"}
{"level":"http","message":"\u001b[0mGET /api/v1/trainers/6a1ceca6ca1da6fbf1abd8b0 \u001b[32m200\u001b[0m 7.616 ms - 806\u001b[0m","service":"smart-gym-api","timestamp":"2026-06-01T02:22:50.862Z"}
{"level":"info","message":"User logged in: ppp@gmail.com","service":"smart-gym-api","timestamp":"2026-06-01T02:23:17.815Z"}
{"level":"http","message":"\u001b[0mPOST /api/v1/auth/login \u001b[32m200\u001b[0m 811.019 ms - 431\u001b[0m","service":"smart-gym-api","timestamp":"2026-06-01T02:23:17.817Z"}
{"level":"http","message":"\u001b[0mGET /api/v1/exercises \u001b[36m304\u001b[0m 12.827 ms - -\u001b[0m","service":"smart-gym-api","timestamp":"2026-06-01T02:23:17.858Z"}
{"level":"http","message":"\u001b[0mGET /api/v1/trainers?limit=100 \u001b[36m304\u001b[0m 22.270 ms - -\u001b[0m","service":"smart-gym-api","timestamp":"2026-06-01T02:23:17.865Z"}
{"level":"http","message":"\u001b[0mGET /api/v1/workout-plans \u001b[36m304\u001b[0m 21.736 ms - -\u001b[0m","service":"smart-gym-api","timestamp":"2026-06-01T02:23:17.870Z"}
{"level":"http","message":"\u001b[0mGET /api/v1/trainers/6a1cec7dca1da6fbf1abd8a7 \u001b[32m200\u001b[0m 8.008 ms - 807\u001b[0m","service":"smart-gym-api","timestamp":"2026-06-01T02:23:17.883Z"}
{"level":"warn","message":"[POST] /api/v1/auth/login → 401 [INTERNAL_ERROR]: Invalid email or password.","service":"smart-gym-api","timestamp":"2026-06-01T02:23:29.798Z","userId":"anon"}
{"level":"http","message":"\u001b[0mPOST /api/v1/auth/login \u001b[33m401\u001b[0m 10.192 ms - 439\u001b[0m","service":"smart-gym-api","timestamp":"2026-06-01T02:23:29.801Z"}
{"level":"info","message":"User logged in: dd@gmail.com","service":"smart-gym-api","timestamp":"2026-06-01T02:24:16.239Z"}
{"level":"http","message":"\u001b[0mPOST /api/v1/auth/login \u001b[32m200\u001b[0m 792.413 ms - 424\u001b[0m","service":"smart-gym-api","timestamp":"2026-06-01T02:24:16.241Z"}
{"level":"http","message":"\u001b[0mGET /api/v1/machines?limit=100&sort=-createdAt \u001b[36m304\u001b[0m 17.745 ms - -\u001b[0m","service":"smart-gym-api","timestamp":"2026-06-01T02:24:16.306Z"}
{"level":"http","message":"\u001b[0mGET /api/v1/users?limit=100 \u001b[36m304\u001b[0m 45.905 ms - -\u001b[0m","service":"smart-gym-api","timestamp":"2026-06-01T02:24:16.326Z"}
{"level":"http","message":"\u001b[0mGET /api/v1/trainers?limit=100 \u001b[36m304\u001b[0m 45.805 ms - -\u001b[0m","service":"smart-gym-api","timestamp":"2026-06-01T02:24:16.330Z"}
{"level":"http","message":"\u001b[0mGET /api/v1/subscriptions?limit=100 \u001b[36m304\u001b[0m 50.451 ms - -\u001b[0m","service":"smart-gym-api","timestamp":"2026-06-01T02:24:16.342Z"}
{"level":"http","message":"\u001b[0mGET /api/v1/attendance?limit=100&sort=-checkIn \u001b[36m304\u001b[0m 50.200 ms - -\u001b[0m","service":"smart-gym-api","timestamp":"2026-06-01T02:24:16.345Z"}
{"level":"http","message":"\u001b[0mGET /api/v1/attendance?limit=100&sort=-checkIn \u001b[36m304\u001b[0m 21.607 ms - -\u001b[0m","service":"smart-gym-api","timestamp":"2026-06-01T02:24:24.901Z"}
{"level":"http","message":"\u001b[0mGET /api/v1/machines?limit=100&sort=-createdAt \u001b[36m304\u001b[0m 34.398 ms - -\u001b[0m","service":"smart-gym-api","timestamp":"2026-06-01T02:29:32.864Z"}
{"level":"http","message":"\u001b[0mGET /api/v1/users?limit=100 \u001b[36m304\u001b[0m 56.582 ms - -\u001b[0m","service":"smart-gym-api","timestamp":"2026-06-01T02:29:32.879Z"}
{"level":"http","message":"\u001b[0mGET /api/v1/trainers?limit=100 \u001b[36m304\u001b[0m 64.852 ms - -\u001b[0m","service":"smart-gym-api","timestamp":"2026-06-01T02:29:32.890Z"}
{"level":"http","message":"\u001b[0mGET /api/v1/subscriptions?limit=100 \u001b[36m304\u001b[0m 66.588 ms - -\u001b[0m","service":"smart-gym-api","timestamp":"2026-06-01T02:29:32.909Z"}
{"level":"http","message":"\u001b[0mGET /api/v1/attendance?limit=100&sort=-checkIn \u001b[36m304\u001b[0m 61.605 ms - -\u001b[0m","service":"smart-gym-api","timestamp":"2026-06-01T02:29:32.912Z"}
{"level":"warn","message":"[POST] /api/v1/auth/login → 401 [INTERNAL_ERROR]: Invalid email or password.","service":"smart-gym-api","timestamp":"2026-06-01T02:29:57.080Z","userId":"anon"}
{"level":"http","message":"\u001b[0mPOST /api/v1/auth/login \u001b[33m401\u001b[0m 9.564 ms - 439\u001b[0m","service":"smart-gym-api","timestamp":"2026-06-01T02:29:57.083Z"}
{"level":"info","message":"User logged in: kkk33@gmail.com","service":"smart-gym-api","timestamp":"2026-06-01T02:30:08.952Z"}
{"level":"http","message":"\u001b[0mPOST /api/v1/auth/login \u001b[32m200\u001b[0m 810.091 ms - 425\u001b[0m","service":"smart-gym-api","timestamp":"2026-06-01T02:30:08.954Z"}
{"level":"http","message":"\u001b[0mGET /api/v1/exercises \u001b[36m304\u001b[0m 12.964 ms - -\u001b[0m","service":"smart-gym-api","timestamp":"2026-06-01T02:30:09.058Z"}
{"level":"http","message":"\u001b[0mGET /api/v1/users/profile \u001b[32m200\u001b[0m 24.536 ms - 477\u001b[0m","service":"smart-gym-api","timestamp":"2026-06-01T02:30:09.067Z"}
{"level":"http","message":"\u001b[0mGET /api/v1/workout-plans \u001b[36m304\u001b[0m 28.797 ms - -\u001b[0m","service":"smart-gym-api","timestamp":"2026-06-01T02:30:09.076Z"}
{"level":"http","message":"\u001b[0mGET /api/v1/subscriptions/my \u001b[36m304\u001b[0m 26.669 ms - -\u001b[0m","service":"smart-gym-api","timestamp":"2026-06-01T02:30:09.078Z"}
{"level":"http","message":"\u001b[0mGET /api/v1/attendance/my \u001b[36m304\u001b[0m 27.517 ms - -\u001b[0m","service":"smart-gym-api","timestamp":"2026-06-01T02:30:09.082Z"}
{"level":"http","message":"\u001b[0mGET /api/v1/attendance/stats \u001b[36m304\u001b[0m 41.549 ms - -\u001b[0m","service":"smart-gym-api","timestamp":"2026-06-01T02:30:09.097Z"}
{"level":"http","message":"\u001b[0mGET /api/v1/progress/body \u001b[32m200\u001b[0m 29.057 ms - 380\u001b[0m","service":"smart-gym-api","timestamp":"2026-06-01T02:30:09.104Z"}
{"level":"http","message":"\u001b[0mGET /api/v1/progress/workout \u001b[36m304\u001b[0m 36.442 ms - -\u001b[0m","service":"smart-gym-api","timestamp":"2026-06-01T02:30:09.117Z"}
{"level":"http","message":"\u001b[0mGET /api/v1/payments/my \u001b[36m304\u001b[0m 30.422 ms - -\u001b[0m","service":"smart-gym-api","timestamp":"2026-06-01T02:30:09.122Z"}
{"level":"http","message":"\u001b[0mGET /api/v1/progress/stats \u001b[36m304\u001b[0m 37.643 ms - -\u001b[0m","service":"smart-gym-api","timestamp":"2026-06-01T02:30:09.127Z"}
{"level":"warn","message":"[POST] /api/v1/workout-plans/generate → 400 [VALIDATION_ERROR]: Cast to ObjectId failed for value \"auto\" (type string) at path \"createdBy\" because of \"BSONError\"; Training days per week is required; Invalid goal: fitness; Path `dayNumber` is required.; Path `dayNumber` is required.; Path `dayNumber` is required.; Path `order` is required.","service":"smart-gym-api","timestamp":"2026-06-01T02:30:17.086Z","userId":"6a1b3a942d923c052b6c6c34"}
{"level":"http","message":"\u001b[0mPOST /api/v1/workout-plans/generate \u001b[33m400\u001b[0m 45.520 ms - 1823\u001b[0m","service":"smart-gym-api","timestamp":"2026-06-01T02:30:17.088Z"}
{"level":"warn","message":"[POST] /api/v1/workout-plans/generate → 400 [VALIDATION_ERROR]: Cast to ObjectId failed for value \"auto\" (type string) at path \"createdBy\" because of \"BSONError\"; Training days per week is required; Invalid goal: fitness; Path `dayNumber` is required.; Path `dayNumber` is required.; Path `dayNumber` is required.; Path `order` is required.","service":"smart-gym-api","timestamp":"2026-06-01T02:30:18.373Z","userId":"6a1b3a942d923c052b6c6c34"}
{"level":"http","message":"\u001b[0mPOST /api/v1/workout-plans/generate \u001b[33m400\u001b[0m 32.539 ms - 1823\u001b[0m","service":"smart-gym-api","timestamp":"2026-06-01T02:30:18.375Z"}
{"level":"http","message":"\u001b[0mGET /api/v1/exercises \u001b[36m304\u001b[0m 21.517 ms - -\u001b[0m","service":"smart-gym-api","timestamp":"2026-06-01T02:30:44.869Z"}
{"level":"http","message":"\u001b[0mGET /api/v1/users/profile \u001b[36m304\u001b[0m 39.913 ms - -\u001b[0m","service":"smart-gym-api","timestamp":"2026-06-01T02:30:44.885Z"}
{"level":"http","message":"\u001b[0mGET /api/v1/workout-plans \u001b[36m304\u001b[0m 39.305 ms - -\u001b[0m","service":"smart-gym-api","timestamp":"2026-06-01T02:30:44.890Z"}
{"level":"http","message":"\u001b[0mGET /api/v1/subscriptions/my \u001b[36m304\u001b[0m 37.701 ms - -\u001b[0m","service":"smart-gym-api","timestamp":"2026-06-01T02:30:44.893Z"}
{"level":"http","message":"\u001b[0mGET /api/v1/attendance/my \u001b[36m304\u001b[0m 37.948 ms - -\u001b[0m","service":"smart-gym-api","timestamp":"2026-06-01T02:30:44.895Z"}
{"level":"http","message":"\u001b[0mGET /api/v1/attendance/stats \u001b[36m304\u001b[0m 36.486 ms - -\u001b[0m","service":"smart-gym-api","timestamp":"2026-06-01T02:30:44.898Z"}
{"level":"http","message":"\u001b[0mGET /api/v1/progress/body \u001b[36m304\u001b[0m 32.866 ms - -\u001b[0m","service":"smart-gym-api","timestamp":"2026-06-01T02:30:44.920Z"}
{"level":"http","message":"\u001b[0mGET /api/v1/progress/workout \u001b[36m304\u001b[0m 28.091 ms - -\u001b[0m","service":"smart-gym-api","timestamp":"2026-06-01T02:30:44.930Z"}
{"level":"http","message":"\u001b[0mGET /api/v1/payments/my \u001b[36m304\u001b[0m 23.559 ms - -\u001b[0m","service":"smart-gym-api","timestamp":"2026-06-01T02:30:44.936Z"}
{"level":"http","message":"\u001b[0mGET /api/v1/progress/stats \u001b[36m304\u001b[0m 35.418 ms - -\u001b[0m","service":"smart-gym-api","timestamp":"2026-06-01T02:30:44.944Z"}
{"level":"debug","message":"Cloudinary delete [image] /res.cloudinary.com/smartgym/default-avatar: not found","service":"smart-gym-api","timestamp":"2026-06-01T02:30:53.601Z"}
{"level":"info","message":"Avatar updated for user: 6a1b3a942d923c052b6c6c34","service":"smart-gym-api","timestamp":"2026-06-01T02:30:53.612Z"}
{"level":"http","message":"\u001b[0mPATCH /api/v1/users/avatar \u001b[32m200\u001b[0m 2119.688 ms - 584\u001b[0m","service":"smart-gym-api","timestamp":"2026-06-01T02:30:53.623Z"}
{"level":"http","message":"\u001b[0mGET /api/v1/exercises \u001b[36m304\u001b[0m 23.036 ms - -\u001b[0m","service":"smart-gym-api","timestamp":"2026-06-01T02:31:19.899Z"}
{"level":"http","message":"\u001b[0mGET /api/v1/users/profile \u001b[32m200\u001b[0m 43.737 ms - 563\u001b[0m","service":"smart-gym-api","timestamp":"2026-06-01T02:31:19.918Z"}
{"level":"http","message":"\u001b[0mGET /api/v1/workout-plans \u001b[36m304\u001b[0m 44.918 ms - -\u001b[0m","service":"smart-gym-api","timestamp":"2026-06-01T02:31:19.923Z"}
{"level":"http","message":"\u001b[0mGET /api/v1/subscriptions/my \u001b[36m304\u001b[0m 44.246 ms - -\u001b[0m","service":"smart-gym-api","timestamp":"2026-06-01T02:31:19.925Z"}
{"level":"http","message":"\u001b[0mGET /api/v1/attendance/my \u001b[36m304\u001b[0m 41.870 ms - -\u001b[0m","service":"smart-gym-api","timestamp":"2026-06-01T02:31:19.928Z"}
{"level":"http","message":"\u001b[0mGET /api/v1/attendance/stats \u001b[36m304\u001b[0m 40.308 ms - -\u001b[0m","service":"smart-gym-api","timestamp":"2026-06-01T02:31:19.930Z"}
{"level":"http","message":"\u001b[0mGET /api/v1/progress/body \u001b[36m304\u001b[0m 29.625 ms - -\u001b[0m","service":"smart-gym-api","timestamp":"2026-06-01T02:31:19.950Z"}
{"level":"http","message":"\u001b[0mGET /api/v1/progress/workout \u001b[36m304\u001b[0m 26.806 ms - -\u001b[0m","service":"smart-gym-api","timestamp":"2026-06-01T02:31:19.959Z"}
{"level":"http","message":"\u001b[0mGET /api/v1/payments/my \u001b[36m304\u001b[0m 21.469 ms - -\u001b[0m","service":"smart-gym-api","timestamp":"2026-06-01T02:31:19.965Z"}
{"level":"http","message":"\u001b[0mGET /api/v1/progress/stats \u001b[36m304\u001b[0m 33.055 ms - -\u001b[0m","service":"smart-gym-api","timestamp":"2026-06-01T02:31:19.972Z"}
{"level":"warn","message":"[POST] /api/v1/workout-plans/generate → 400 [VALIDATION_ERROR]: Cast to ObjectId failed for value \"auto\" (type string) at path \"createdBy\" because of \"BSONError\"; Training days per week is required; Invalid goal: fitness; Path `dayNumber` is required.; Path `dayNumber` is required.; Path `dayNumber` is required.; Path `order` is required.","service":"smart-gym-api","timestamp":"2026-06-01T02:31:23.800Z","userId":"6a1b3a942d923c052b6c6c34"}
{"level":"http","message":"\u001b[0mPOST /api/v1/workout-plans/generate \u001b[33m400\u001b[0m 30.119 ms - 1823\u001b[0m","service":"smart-gym-api","timestamp":"2026-06-01T02:31:23.802Z"}
{"level":"warn","message":"[POST] /api/v1/workout-plans/generate → 400 [VALIDATION_ERROR]: Cast to ObjectId failed for value \"auto\" (type string) at path \"createdBy\" because of \"BSONError\"; Training days per week is required; Invalid goal: fitness; Path `dayNumber` is required.; Path `dayNumber` is required.; Path `dayNumber` is required.; Path `order` is required.","service":"smart-gym-api","timestamp":"2026-06-01T02:31:28.101Z","userId":"6a1b3a942d923c052b6c6c34"}
{"level":"http","message":"\u001b[0mPOST /api/v1/workout-plans/generate \u001b[33m400\u001b[0m 35.170 ms - 1823\u001b[0m","service":"smart-gym-api","timestamp":"2026-06-01T02:31:28.103Z"}
{"level":"warn","message":"[GET] /api/v1/users?limit=100 → 403 [FORBIDDEN]: Access denied. Requires one of: [admin]","service":"smart-gym-api","timestamp":"2026-06-01T02:32:13.647Z","userId":"6a1b3a942d923c052b6c6c34"}
{"level":"http","message":"\u001b[0mGET /api/v1/users?limit=100 \u001b[33m403\u001b[0m 12.383 ms - 1230\u001b[0m","service":"smart-gym-api","timestamp":"2026-06-01T02:32:13.648Z"}
{"level":"http","message":"\u001b[0mGET /api/v1/machines?limit=100&sort=-createdAt \u001b[36m304\u001b[0m 17.518 ms - -\u001b[0m","service":"smart-gym-api","timestamp":"2026-06-01T02:32:13.658Z"}
{"level":"warn","message":"[GET] /api/v1/subscriptions?limit=100 → 403 [FORBIDDEN]: Access denied. Requires one of: [admin]","service":"smart-gym-api","timestamp":"2026-06-01T02:32:13.662Z","userId":"6a1b3a942d923c052b6c6c34"}
{"level":"http","message":"\u001b[0mGET /api/v1/subscriptions?limit=100 \u001b[33m403\u001b[0m 20.543 ms - 1230\u001b[0m","service":"smart-gym-api","timestamp":"2026-06-01T02:32:13.663Z"}
{"level":"http","message":"\u001b[0mGET /api/v1/trainers?limit=100 \u001b[36m304\u001b[0m 30.774 ms - -\u001b[0m","service":"smart-gym-api","timestamp":"2026-06-01T02:32:13.669Z"}
{"level":"warn","message":"[GET] /api/v1/attendance?limit=100&sort=-checkIn → 403 [FORBIDDEN]: Access denied. Requires one of: [admin]","service":"smart-gym-api","timestamp":"2026-06-01T02:32:13.671Z","userId":"6a1b3a942d923c052b6c6c34"}
{"level":"http","message":"\u001b[0mGET /api/v1/attendance?limit=100&sort=-checkIn \u001b[33m403\u001b[0m 27.878 ms - 1230\u001b[0m","service":"smart-gym-api","timestamp":"2026-06-01T02:32:13.672Z"}
{"level":"warn","message":"[GET] /api/v1/users?limit=100 → 403 [FORBIDDEN]: Access denied. Requires one of: [admin]","service":"smart-gym-api","timestamp":"2026-06-01T02:32:18.365Z","userId":"6a1b3a942d923c052b6c6c34"}
{"level":"http","message":"\u001b[0mGET /api/v1/users?limit=100 \u001b[33m403\u001b[0m 19.760 ms - 1230\u001b[0m","service":"smart-gym-api","timestamp":"2026-06-01T02:32:18.369Z"}
{"level":"http","message":"\u001b[0mGET /api/v1/trainers?limit=100 \u001b[36m304\u001b[0m 34.282 ms - -\u001b[0m","service":"smart-gym-api","timestamp":"2026-06-01T02:32:18.376Z"}
{"level":"http","message":"\u001b[0mGET /api/v1/trainers?limit=100 \u001b[36m304\u001b[0m 17.981 ms - -\u001b[0m","service":"smart-gym-api","timestamp":"2026-06-01T02:32:26.319Z"}
{"level":"http","message":"\u001b[0mGET /api/v1/users/profile \u001b[36m304\u001b[0m 18.443 ms - -\u001b[0m","service":"smart-gym-api","timestamp":"2026-06-01T02:32:29.475Z"}
{"level":"http","message":"\u001b[0mGET /api/v1/exercises \u001b[36m304\u001b[0m 24.291 ms - -\u001b[0m","service":"smart-gym-api","timestamp":"2026-06-01T02:32:29.490Z"}
{"level":"http","message":"\u001b[0mGET /api/v1/workout-plans \u001b[36m304\u001b[0m 33.439 ms - -\u001b[0m","service":"smart-gym-api","timestamp":"2026-06-01T02:32:29.512Z"}
{"level":"http","message":"\u001b[0mGET /api/v1/subscriptions/my \u001b[36m304\u001b[0m 32.657 ms - -\u001b[0m","service":"smart-gym-api","timestamp":"2026-06-01T02:32:29.513Z"}
{"level":"http","message":"\u001b[0mGET /api/v1/attendance/my \u001b[36m304\u001b[0m 32.917 ms - -\u001b[0m","service":"smart-gym-api","timestamp":"2026-06-01T02:32:29.516Z"}
{"level":"http","message":"\u001b[0mGET /api/v1/attendance/stats \u001b[36m304\u001b[0m 32.799 ms - -\u001b[0m","service":"smart-gym-api","timestamp":"2026-06-01T02:32:29.518Z"}
{"level":"http","message":"\u001b[0mGET /api/v1/payments/my \u001b[36m304\u001b[0m 31.694 ms - -\u001b[0m","service":"smart-gym-api","timestamp":"2026-06-01T02:32:29.539Z"}
{"level":"http","message":"\u001b[0mGET /api/v1/progress/workout \u001b[36m304\u001b[0m 18.698 ms - -\u001b[0m","service":"smart-gym-api","timestamp":"2026-06-01T02:32:29.547Z"}
{"level":"http","message":"\u001b[0mGET /api/v1/progress/body \u001b[36m304\u001b[0m 65.335 ms - -\u001b[0m","service":"smart-gym-api","timestamp":"2026-06-01T02:32:29.558Z"}
{"level":"http","message":"\u001b[0mGET /api/v1/progress/stats \u001b[36m304\u001b[0m 29.382 ms - -\u001b[0m","service":"smart-gym-api","timestamp":"2026-06-01T02:32:29.562Z"}
{"level":"http","message":"\u001b[0mGET /api/v1/users/profile \u001b[36m304\u001b[0m 13.771 ms - -\u001b[0m","service":"smart-gym-api","timestamp":"2026-06-01T02:32:46.016Z"}
{"level":"http","message":"\u001b[0mGET /api/v1/exercises \u001b[36m304\u001b[0m 18.438 ms - -\u001b[0m","service":"smart-gym-api","timestamp":"2026-06-01T02:32:46.041Z"}
{"level":"http","message":"\u001b[0mGET /api/v1/workout-plans \u001b[36m304\u001b[0m 42.441 ms - -\u001b[0m","service":"smart-gym-api","timestamp":"2026-06-01T02:32:46.070Z"}
{"level":"http","message":"\u001b[0mGET /api/v1/subscriptions/my \u001b[36m304\u001b[0m 43.972 ms - -\u001b[0m","service":"smart-gym-api","timestamp":"2026-06-01T02:32:46.074Z"}
{"level":"http","message":"\u001b[0mGET /api/v1/attendance/my \u001b[36m304\u001b[0m 63.140 ms - -\u001b[0m","service":"smart-gym-api","timestamp":"2026-06-01T02:32:46.119Z"}
{"level":"http","message":"\u001b[0mGET /api/v1/progress/body \u001b[36m304\u001b[0m 63.465 ms - -\u001b[0m","service":"smart-gym-api","timestamp":"2026-06-01T02:32:46.123Z"}
{"level":"http","message":"\u001b[0mGET /api/v1/attendance/stats \u001b[36m304\u001b[0m 61.159 ms - -\u001b[0m","service":"smart-gym-api","timestamp":"2026-06-01T02:32:46.125Z"}
{"level":"http","message":"\u001b[0mGET /api/v1/progress/workout \u001b[36m304\u001b[0m 31.406 ms - -\u001b[0m","service":"smart-gym-api","timestamp":"2026-06-01T02:32:46.145Z"}
{"level":"http","message":"\u001b[0mGET /api/v1/payments/my \u001b[36m304\u001b[0m 19.051 ms - -\u001b[0m","service":"smart-gym-api","timestamp":"2026-06-01T02:32:46.150Z"}
{"level":"http","message":"\u001b[0mGET /api/v1/progress/stats \u001b[36m304\u001b[0m 28.554 ms - -\u001b[0m","service":"smart-gym-api","timestamp":"2026-06-01T02:32:46.157Z"}
{"level":"info","message":"User logged in: dd@gmail.com","service":"smart-gym-api","timestamp":"2026-06-01T02:33:00.308Z"}
{"level":"http","message":"\u001b[0mPOST /api/v1/auth/login \u001b[32m200\u001b[0m 709.093 ms - 424\u001b[0m","service":"smart-gym-api","timestamp":"2026-06-01T02:33:00.309Z"}
{"level":"http","message":"\u001b[0mGET /api/v1/users?limit=100 \u001b[32m200\u001b[0m 23.912 ms - 6513\u001b[0m","service":"smart-gym-api","timestamp":"2026-06-01T02:33:00.416Z"}
{"level":"http","message":"\u001b[0mGET /api/v1/trainers?limit=100 \u001b[36m304\u001b[0m 24.549 ms - -\u001b[0m","service":"smart-gym-api","timestamp":"2026-06-01T02:33:00.443Z"}
{"level":"http","message":"\u001b[0mGET /api/v1/machines?limit=100&sort=-createdAt \u001b[36m304\u001b[0m 15.831 ms - -\u001b[0m","service":"smart-gym-api","timestamp":"2026-06-01T02:33:00.447Z"}
{"level":"http","message":"\u001b[0mGET /api/v1/subscriptions?limit=100 \u001b[32m200\u001b[0m 28.114 ms - 1859\u001b[0m","service":"smart-gym-api","timestamp":"2026-06-01T02:33:00.464Z"}
{"level":"http","message":"\u001b[0mGET /api/v1/attendance?limit=100&sort=-checkIn \u001b[32m200\u001b[0m 28.550 ms - 842\u001b[0m","service":"smart-gym-api","timestamp":"2026-06-01T02:33:00.467Z"}
{"level":"http","message":"\u001b[0mGET /api/v1/trainers?limit=100 \u001b[36m304\u001b[0m 12.983 ms - -\u001b[0m","service":"smart-gym-api","timestamp":"2026-06-01T02:33:03.032Z"}
{"level":"http","message":"\u001b[0mGET /api/v1/attendance?limit=100&sort=-checkIn \u001b[36m304\u001b[0m 19.598 ms - -\u001b[0m","service":"smart-gym-api","timestamp":"2026-06-01T02:33:27.245Z"}
{"level":"warn","message":"[POST] /api/v1/workout-plans/generate → 400 [VALIDATION_ERROR]: Cast to ObjectId failed for value \"auto\" (type string) at path \"createdBy\" because of \"BSONError\"; Training days per week is required; Invalid goal: fitness; Path `dayNumber` is required.; Path `dayNumber` is required.; Path `dayNumber` is required.; Path `order` is required.","service":"smart-gym-api","timestamp":"2026-06-01T02:45:04.066Z","userId":"6a1c99419f6d4a83fd05589e"}
{"level":"http","message":"\u001b[0mPOST /api/v1/workout-plans/generate \u001b[33m400\u001b[0m 29.599 ms - 1823\u001b[0m","service":"smart-gym-api","timestamp":"2026-06-01T02:45:04.068Z"}
{"level":"warn","message":"[POST] /api/v1/workout-plans/generate → 400 [VALIDATION_ERROR]: Cast to ObjectId failed for value \"auto\" (type string) at path \"createdBy\" because of \"BSONError\"; Training days per week is required; Invalid goal: fitness; Path `dayNumber` is required.; Path `dayNumber` is required.; Path `dayNumber` is required.; Path `order` is required.","service":"smart-gym-api","timestamp":"2026-06-01T02:45:05.429Z","userId":"6a1c99419f6d4a83fd05589e"}
{"level":"http","message":"\u001b[0mPOST /api/v1/workout-plans/generate \u001b[33m400\u001b[0m 20.327 ms - 1823\u001b[0m","service":"smart-gym-api","timestamp":"2026-06-01T02:45:05.430Z"}
{"level":"warn","message":"[POST] /api/v1/workout-plans/generate → 400 [VALIDATION_ERROR]: Cast to ObjectId failed for value \"auto\" (type string) at path \"createdBy\" because of \"BSONError\"; Training days per week is required; Invalid goal: fitness; Path `dayNumber` is required.; Path `dayNumber` is required.; Path `dayNumber` is required.; Path `order` is required.","service":"smart-gym-api","timestamp":"2026-06-01T02:45:07.550Z","userId":"6a1c99419f6d4a83fd05589e"}
{"level":"http","message":"\u001b[0mPOST /api/v1/workout-plans/generate \u001b[33m400\u001b[0m 30.933 ms - 1823\u001b[0m","service":"smart-gym-api","timestamp":"2026-06-01T02:45:07.553Z"}
{"level":"warn","message":"[POST] /api/v1/workout-plans/generate → 400 [VALIDATION_ERROR]: Cast to ObjectId failed for value \"auto\" (type string) at path \"createdBy\" because of \"BSONError\"; Training days per week is required; Invalid goal: fitness; Path `dayNumber` is required.; Path `dayNumber` is required.; Path `dayNumber` is required.; Path `order` is required.","service":"smart-gym-api","timestamp":"2026-06-01T02:45:49.394Z","userId":"6a1c99419f6d4a83fd05589e"}
{"level":"http","message":"\u001b[0mPOST /api/v1/workout-plans/generate \u001b[33m400\u001b[0m 18.930 ms - 1823\u001b[0m","service":"smart-gym-api","timestamp":"2026-06-01T02:45:49.395Z"}
{"level":"warn","message":"[POST] /api/v1/workout-plans/generate → 400 [VALIDATION_ERROR]: Cast to ObjectId failed for value \"auto\" (type string) at path \"createdBy\" because of \"BSONError\"; Training days per week is required; Invalid goal: fitness; Path `dayNumber` is required.; Path `dayNumber` is required.; Path `dayNumber` is required.; Path `order` is required.","service":"smart-gym-api","timestamp":"2026-06-01T02:45:50.657Z","userId":"6a1c99419f6d4a83fd05589e"}
{"level":"http","message":"\u001b[0mPOST /api/v1/workout-plans/generate \u001b[33m400\u001b[0m 32.722 ms - 1823\u001b[0m","service":"smart-gym-api","timestamp":"2026-06-01T02:45:50.660Z"}
